Station ,Replicate,Phylum,Class,Order,Family,Species,Number of individuals,Biomass (g),Individual.weight,ID
18,2,Annelida,Polychaeta,Terebellida,Ampharetidae,Ampharete lindstroemi,1,0.0006,0.0006,Craig Robertson
18,2,Annelida,Polychaeta,Terebellida,Ampharetidae,Ampharete lindstroemi,1,0.0007,0.0007,Craig Robertson
11,5,Annelida,Polychaeta,Terebellida,Ampharetidae,Ampharete sp. ,1,0.0009,0.0009,Craig Robertson
1,2,Annelida,Polychaeta,NA,Paraonidae,Aricidea sp.,1,0.0007,0.0007,Craig Robertson
12,2,Annelida,Polychaeta,NA,Paraonidae,Aricidea sp.,1,0.0012,0.0012,Craig Robertson
12,2,Annelida,Polychaeta,NA,Paraonidae,Aricidea sp.,1,0.0012,0.0012,Craig Robertson
12,2,Annelida,Polychaeta,NA,Paraonidae,Aricidea sp.,1,0.0015,0.0015,Craig Robertson
12,2,Annelida,Polychaeta,NA,Paraonidae,Aricidea sp.,1,0.0016,0.0016,Craig Robertson
12,2,Annelida,Polychaeta,NA,Paraonidae,Aricidea sp.,1,0.0016,0.0016,Craig Robertson
12,2,Annelida,Polychaeta,NA,Paraonidae,Aricidea sp.,1,0.0026,0.0026,Craig Robertson
12,2,Annelida,Polychaeta,NA,Paraonidae,Aricidea sp.,1,0.003,0.003,Craig Robertson
12,2,Annelida,Polychaeta,NA,Paraonidae,Aricidea sp.,1,0.0041,0.0041,Craig Robertson
12,2,Annelida,Polychaeta,NA,Paraonidae,Aricidea sp.,1,0.0046,0.0046,Craig Robertson
12,2,Annelida,Polychaeta,NA,Paraonidae,Aricidea sp.,1,0.0047,0.0047,Craig Robertson
12,2,Annelida,Polychaeta,NA,Paraonidae,Aricidea sp.,1,0.0063,0.0063,Craig Robertson
19,2,Annelida,Polychaeta,NA,Paraonidae,Aricidea sp.,1,0,0,Craig Robertson
19,2,Annelida,Polychaeta,NA,Paraonidae,Aricidea sp.,1,0.0001,0.0001,Craig Robertson
19,2,Annelida,Polychaeta,NA,Paraonidae,Aricidea sp.,1,0.0005,0.0005,Craig Robertson
19,2,Annelida,Polychaeta,NA,Paraonidae,Aricidea sp.,1,0.0013,0.0013,Craig Robertson
19,2,Annelida,Polychaeta,NA,Paraonidae,Aricidea sp.,1,0.0015,0.0015,Craig Robertson
19,2,Annelida,Polychaeta,NA,Paraonidae,Aricidea sp.,1,0.0016,0.0016,Craig Robertson
19,2,Annelida,Polychaeta,NA,Paraonidae,Aricidea sp.,1,0.0017,0.0017,Craig Robertson
19,2,Annelida,Polychaeta,NA,Paraonidae,Aricidea sp.,1,0.002,0.002,Craig Robertson
19,2,Annelida,Polychaeta,NA,Paraonidae,Aricidea sp.,1,0.0026,0.0026,Craig Robertson
11,3,Annelida,Polychaeta,NA,Paraonidae,Aricidea sp.,1,0,0,Craig Robertson
12,3,Annelida,Polychaeta,NA,Paraonidae,Aricidea sp.,1,0,0,Craig Robertson
12,3,Annelida,Polychaeta,NA,Paraonidae,Aricidea sp.,1,0.0001,0.0001,Craig Robertson
12,3,Annelida,Polychaeta,NA,Paraonidae,Aricidea sp.,1,0.0002,0.0002,Craig Robertson
12,3,Annelida,Polychaeta,NA,Paraonidae,Aricidea sp.,1,0.0003,0.0003,Craig Robertson
12,3,Annelida,Polychaeta,NA,Paraonidae,Aricidea sp.,1,0.0003,0.0003,Craig Robertson
12,3,Annelida,Polychaeta,NA,Paraonidae,Aricidea sp.,1,0.0003,0.0003,Craig Robertson
12,3,Annelida,Polychaeta,NA,Paraonidae,Aricidea sp.,1,0.0003,0.0003,Craig Robertson
12,3,Annelida,Polychaeta,NA,Paraonidae,Aricidea sp.,1,0.0004,0.0004,Craig Robertson
12,3,Annelida,Polychaeta,NA,Paraonidae,Aricidea sp.,1,0.0007,0.0007,Craig Robertson
12,3,Annelida,Polychaeta,NA,Paraonidae,Aricidea sp.,1,0.001,0.001,Craig Robertson
12,3,Annelida,Polychaeta,NA,Paraonidae,Aricidea sp.,1,0.001,0.001,Craig Robertson
12,3,Annelida,Polychaeta,NA,Paraonidae,Aricidea sp.,1,0.001,0.001,Craig Robertson
12,3,Annelida,Polychaeta,NA,Paraonidae,Aricidea sp.,1,0.0011,0.0011,Craig Robertson
12,3,Annelida,Polychaeta,NA,Paraonidae,Aricidea sp.,1,0.0012,0.0012,Craig Robertson
12,3,Annelida,Polychaeta,NA,Paraonidae,Aricidea sp.,1,0.0012,0.0012,Craig Robertson
12,3,Annelida,Polychaeta,NA,Paraonidae,Aricidea sp.,1,0.0013,0.0013,Craig Robertson
12,3,Annelida,Polychaeta,NA,Paraonidae,Aricidea sp.,1,0.0014,0.0014,Craig Robertson
12,3,Annelida,Polychaeta,NA,Paraonidae,Aricidea sp.,1,0.0016,0.0016,Craig Robertson
12,3,Annelida,Polychaeta,NA,Paraonidae,Aricidea sp.,1,0.0017,0.0017,Craig Robertson
12,3,Annelida,Polychaeta,NA,Paraonidae,Aricidea sp.,1,0.0017,0.0017,Craig Robertson
12,3,Annelida,Polychaeta,NA,Paraonidae,Aricidea sp.,1,0.0019,0.0019,Craig Robertson
12,3,Annelida,Polychaeta,NA,Paraonidae,Aricidea sp.,1,0.002,0.002,Craig Robertson
12,3,Annelida,Polychaeta,NA,Paraonidae,Aricidea sp.,1,0.0022,0.0022,Craig Robertson
12,3,Annelida,Polychaeta,NA,Paraonidae,Aricidea sp.,1,0.0023,0.0023,Craig Robertson
12,3,Annelida,Polychaeta,NA,Paraonidae,Aricidea sp.,1,0.0032,0.0032,Craig Robertson
12,3,Annelida,Polychaeta,NA,Paraonidae,Aricidea sp.,1,0.0034,0.0034,Craig Robertson
19,3,Annelida,Polychaeta,NA,Paraonidae,Aricidea sp.,1,0.0002,0.0002,Craig Robertson
19,3,Annelida,Polychaeta,NA,Paraonidae,Aricidea sp.,1,0.0006,0.0006,Craig Robertson
19,3,Annelida,Polychaeta,NA,Paraonidae,Aricidea sp.,1,0.0007,0.0007,Craig Robertson
19,3,Annelida,Polychaeta,NA,Paraonidae,Aricidea sp.,1,0.001,0.001,Craig Robertson
19,3,Annelida,Polychaeta,NA,Paraonidae,Aricidea sp.,1,0.001,0.001,Craig Robertson
19,3,Annelida,Polychaeta,NA,Paraonidae,Aricidea sp.,1,0.001,0.001,Craig Robertson
19,3,Annelida,Polychaeta,NA,Paraonidae,Aricidea sp.,1,0.0011,0.0011,Craig Robertson
19,3,Annelida,Polychaeta,NA,Paraonidae,Aricidea sp.,1,0.0015,0.0015,Craig Robertson
19,3,Annelida,Polychaeta,NA,Paraonidae,Aricidea sp.,1,0.0017,0.0017,Craig Robertson
19,3,Annelida,Polychaeta,NA,Paraonidae,Aricidea sp.,1,0.0019,0.0019,Craig Robertson
19,3,Annelida,Polychaeta,NA,Paraonidae,Aricidea sp.,1,0.0022,0.0022,Craig Robertson
19,3,Annelida,Polychaeta,NA,Paraonidae,Aricidea sp.,1,0.0027,0.0027,Craig Robertson
19,3,Annelida,Polychaeta,NA,Paraonidae,Aricidea sp.,1,0.0033,0.0033,Craig Robertson
12,5,Annelida,Polychaeta,NA,Paraonidae,Aricidea sp.,1,0.001,0.001,Craig Robertson
12,5,Annelida,Polychaeta,NA,Paraonidae,Aricidea sp.,1,0.0012,0.0012,Craig Robertson
12,5,Annelida,Polychaeta,NA,Paraonidae,Aricidea sp.,1,0.0013,0.0013,Craig Robertson
12,5,Annelida,Polychaeta,NA,Paraonidae,Aricidea sp.,1,0.0014,0.0014,Craig Robertson
12,5,Annelida,Polychaeta,NA,Paraonidae,Aricidea sp.,1,0.0018,0.0018,Craig Robertson
12,5,Annelida,Polychaeta,NA,Paraonidae,Aricidea sp.,1,0.0027,0.0027,Craig Robertson
12,5,Annelida,Polychaeta,NA,Paraonidae,Aricidea sp.,1,0.0033,0.0033,Craig Robertson
12,5,Annelida,Polychaeta,NA,Paraonidae,Aricidea sp.,1,0.0033,0.0033,Craig Robertson
12,5,Annelida,Polychaeta,NA,Paraonidae,Aricidea sp.,1,0.0036,0.0036,Craig Robertson
12,5,Annelida,Polychaeta,NA,Paraonidae,Aricidea sp.,1,0.0044,0.0044,Craig Robertson
12,5,Annelida,Polychaeta,NA,Paraonidae,Aricidea sp.,1,0.005,0.005,Craig Robertson
12,5,Annelida,Polychaeta,NA,Paraonidae,Aricidea sp.,1,0.0058,0.0058,Craig Robertson
1,6,Annelida,Polychaeta,NA,Paraonidae,Aricidea sp.,1,0.0006,0.0006,Craig Robertson
1,6,Annelida,Polychaeta,NA,Paraonidae,Aricidea sp.,1,0.0008,0.0008,Craig Robertson
1,6,Annelida,Polychaeta,NA,Paraonidae,Aricidea sp.,1,0.0012,0.0012,Craig Robertson
1,6,Annelida,Polychaeta,NA,Paraonidae,Aricidea sp.,1,0.0013,0.0013,Craig Robertson
2,1,,,,,Astarte elliptica,1,0.0042,0.0042,Hel
2,1,,,,,Astarte elliptica,1,0.0119,0.0119,Hel
2,1,,,,,Astarte elliptica,1,0.0128,0.0128,Hel
2,1,,,,,Astarte elliptica,1,0.0133,0.0133,Hel
2,1,,,,,Astarte elliptica,1,0.015,0.015,Hel
2,1,,,,,Astarte elliptica,1,0.0156,0.0156,Hel
2,1,,,,,Astarte elliptica,1,0.0206,0.0206,Hel
2,1,,,,,Astarte elliptica,1,0.0297,0.0297,Hel
2,1,,,,,Astarte elliptica,1,0.0299,0.0299,Hel
2,1,,,,,Astarte elliptica,1,0.0326,0.0326,Hel
2,1,,,,,Astarte elliptica,1,0.0358,0.0358,Hel
2,1,,,,,Astarte elliptica,1,0.0404,0.0404,Hel
2,1,,,,,Astarte elliptica,1,0.058,0.058,Hel
2,1,,,,,Astarte elliptica,1,0.0632,0.0632,Hel
2,1,,,,,Astarte elliptica,1,0.0803,0.0803,Hel
2,1,,,,,Astarte elliptica,1,0.1166,0.1166,Hel
2,1,,,,,Astarte elliptica,1,0.1304,0.1304,Hel
2,1,,,,,Astarte elliptica,1,0.1524,0.1524,Hel
2,1,,,,,Astarte elliptica,1,0.154,0.154,Hel
2,1,,,,,Astarte elliptica,1,0.1704,0.1704,Hel
2,1,,,,,Astarte elliptica,1,0.1923,0.1923,Hel
2,1,,,,,Astarte elliptica,1,0.2121,0.2121,Hel
2,1,,,,,Astarte elliptica,1,0.2538,0.2538,Hel
2,1,,,,,Astarte elliptica,1,0.2545,0.2545,Hel
2,1,,,,,Astarte elliptica,1,0.2603,0.2603,Hel
2,1,,,,,Astarte elliptica,1,0.2628,0.2628,Hel
2,1,,,,,Astarte elliptica,1,0.268,0.268,Hel
2,1,,,,,Astarte elliptica,1,0.2708,0.2708,Hel
2,1,,,,,Astarte elliptica,1,0.2981,0.2981,Hel
2,1,,,,,Astarte elliptica,1,0.3205,0.3205,Hel
2,1,,,,,Astarte elliptica,1,0.3359,0.3359,Hel
2,1,,,,,Astarte elliptica,1,0.3589,0.3589,Hel
2,1,,,,,Astarte elliptica,1,0.3931,0.3931,Hel
2,1,,,,,Astarte elliptica,1,0.404,0.404,Hel
2,1,,,,,Astarte elliptica,1,0.4371,0.4371,Hel
2,1,,,,,Astarte elliptica,1,0.4558,0.4558,Hel
2,1,,,,,Astarte elliptica,1,0.4627,0.4627,Hel
2,1,,,,,Astarte elliptica,1,0.4658,0.4658,Hel
2,1,,,,,Astarte elliptica,1,0.4899,0.4899,Hel
2,1,,,,,Astarte elliptica,1,0.493,0.493,Hel
2,1,,,,,Astarte elliptica,1,0.517,0.517,Hel
2,1,,,,,Astarte elliptica,1,0.5178,0.5178,Hel
2,1,,,,,Astarte elliptica,1,0.6057,0.6057,Hel
2,1,,,,,Astarte elliptica,1,0.6604,0.6604,Hel
2,1,,,,,Astarte elliptica,1,0.6797,0.6797,Hel
2,1,,,,,Astarte elliptica,1,0.6826,0.6826,Hel
2,1,,,,,Astarte elliptica,1,0.6866,0.6866,Hel
2,1,,,,,Astarte elliptica,1,0.7821,0.7821,Hel
2,1,,,,,Astarte elliptica,1,0.8559,0.8559,Hel
12,1,,,,,Astarte elliptica,1,0.1746,0.1746,Hel
12,1,,,,,Astarte elliptica,1,0.2727,0.2727,Hel
12,1,,,,,Astarte elliptica,1,0.3562,0.3562,Hel
12,1,,,,,Astarte elliptica,1,0.3812,0.3812,Hel
12,1,,,,,Astarte elliptica,1,0.3816,0.3816,Hel
12,1,,,,,Astarte elliptica,1,0.3868,0.3868,Hel
12,1,,,,,Astarte elliptica,1,0.4875,0.4875,Hel
12,1,,,,,Astarte elliptica,1,0.4917,0.4917,Hel
12,1,,,,,Astarte elliptica,1,0.515,0.515,Hel
12,1,,,,,Astarte elliptica,1,0.5708,0.5708,Hel
12,1,,,,,Astarte elliptica,1,0.6859,0.6859,Hel
12,1,,,,,Astarte elliptica,1,0.705,0.705,Hel
12,1,,,,,Astarte elliptica,1,0.7328,0.7328,Hel
12,1,,,,,Astarte elliptica,1,0.7733,0.7733,Hel
12,1,,,,,Astarte elliptica,1,0.829,0.829,Hel
13,1,,,,,Astarte elliptica,1,0.5025,0.5025,Hel
13,1,,,,,Astarte elliptica,1,0.8447,0.8447,Hel
1,2,Mollusca,Bivalvia,Carditida,Astartidae,Astarte elliptica,1,0.0009,0.0009,Craig Robertson
1,2,Mollusca,Bivalvia,Carditida,Astartidae,Astarte elliptica,1,0.1945,0.1945,Craig Robertson
1,2,Mollusca,Bivalvia,Carditida,Astartidae,Astarte elliptica,1,0.2992,0.2992,Craig Robertson
1,2,Mollusca,Bivalvia,Carditida,Astartidae,Astarte elliptica,1,0.6204,0.6204,Craig Robertson
1,2,Mollusca,Bivalvia,Carditida,Astartidae,Astarte elliptica,1,0.7854,0.7854,Craig Robertson
2,2,,,,,Astarte elliptica,1,0.1766,0.1766,Hel
2,2,,,,,Astarte elliptica,1,0.607,0.607,Hel
11,2,,,,,Astarte elliptica,1,0.4406,0.4406,Hel
11,2,,,,,Astarte elliptica,1,0.5129,0.5129,Hel
11,2,,,,,Astarte elliptica,1,0.6524,0.6524,Hel
11,2,,,,,Astarte elliptica,1,1.1378,1.1378,Hel
12,2,Mollusca,Bivalvia,Carditida,Astartidae,Astarte elliptica,1,0.0076,0.0076,Craig Robertson
12,2,Mollusca,Bivalvia,Carditida,Astartidae,Astarte elliptica,1,0.0226,0.0226,Craig Robertson
12,2,Mollusca,Bivalvia,Carditida,Astartidae,Astarte elliptica,1,0.0443,0.0443,Craig Robertson
12,2,Mollusca,Bivalvia,Carditida,Astartidae,Astarte elliptica,1,0.0456,0.0456,Craig Robertson
12,2,Mollusca,Bivalvia,Carditida,Astartidae,Astarte elliptica,1,0.0605,0.0605,Craig Robertson
12,2,Mollusca,Bivalvia,Carditida,Astartidae,Astarte elliptica,1,0.2678,0.2678,Craig Robertson
16,2,,,,,Astarte elliptica,1,0.5212,0.5212,Hel
16,2,,,,,Astarte elliptica,1,0.746,0.746,Hel
16,2,,,,,Astarte elliptica,1,0.7838,0.7838,Hel
16,2,,,,,Astarte elliptica,1,1.1119,1.1119,Hel
17,2,Mollusca,Bivalvia,Carditida,Astartidae,Astarte elliptica,1,0.9433,0.9433,Craig Robertson
2,3,,,,,Astarte elliptica,1,0.0135,0.0135,Hel
2,3,,,,,Astarte elliptica,1,0.037,0.037,Hel
2,3,,,,,Astarte elliptica,1,0.1377,0.1377,Hel
2,3,,,,,Astarte elliptica,1,0.1992,0.1992,Hel
2,3,,,,,Astarte elliptica,1,0.2149,0.2149,Hel
2,3,,,,,Astarte elliptica,1,0.2334,0.2334,Hel
2,3,,,,,Astarte elliptica,1,0.2612,0.2612,Hel
2,3,,,,,Astarte elliptica,1,0.3242,0.3242,Hel
2,3,,,,,Astarte elliptica,1,0.3256,0.3256,Hel
2,3,,,,,Astarte elliptica,1,0.3493,0.3493,Hel
2,3,,,,,Astarte elliptica,1,0.4097,0.4097,Hel
2,3,,,,,Astarte elliptica,1,0.4932,0.4932,Hel
2,3,,,,,Astarte elliptica,1,0.506,0.506,Hel
2,3,,,,,Astarte elliptica,1,0.5891,0.5891,Hel
2,3,,,,,Astarte elliptica,1,0.6003,0.6003,Hel
2,3,,,,,Astarte elliptica,1,0.602,0.602,Hel
2,3,,,,,Astarte elliptica,1,0.7214,0.7214,Hel
2,3,,,,,Astarte elliptica,1,0.7335,0.7335,Hel
3,3,,,,,Astarte elliptica,1,0.1443,0.1443,Hel
3,3,,,,,Astarte elliptica,1,0.8066,0.8066,Hel
11,3,Mollusca,Bivalvia,Carditida,Astartidae,Astarte elliptica,1,0.0283,0.0283,Craig Robertson
11,3,Mollusca,Bivalvia,Carditida,Astartidae,Astarte elliptica,1,0.2118,0.2118,Craig Robertson
11,3,Mollusca,Bivalvia,Carditida,Astartidae,Astarte elliptica,1,0.3276,0.3276,Craig Robertson
11,3,Mollusca,Bivalvia,Carditida,Astartidae,Astarte elliptica,1,0.3816,0.3816,Craig Robertson
11,3,Mollusca,Bivalvia,Carditida,Astartidae,Astarte elliptica,1,0.4931,0.4931,Craig Robertson
11,3,Mollusca,Bivalvia,Carditida,Astartidae,Astarte elliptica,1,0.5769,0.5769,Craig Robertson
11,3,Mollusca,Bivalvia,Carditida,Astartidae,Astarte elliptica,1,0.5898,0.5898,Craig Robertson
11,3,Mollusca,Bivalvia,Carditida,Astartidae,Astarte elliptica,1,0.686,0.686,Craig Robertson
11,3,Mollusca,Bivalvia,Carditida,Astartidae,Astarte elliptica,1,0.943,0.943,Craig Robertson
11,3,Mollusca,Bivalvia,Carditida,Astartidae,Astarte elliptica,1,0.9628,0.9628,Craig Robertson
12,3,Mollusca,Bivalvia,Carditida,Astartidae,Astarte elliptica,1,0.1295,0.1295,Craig Robertson
12,3,Mollusca,Bivalvia,Carditida,Astartidae,Astarte elliptica,1,0.3097,0.3097,Craig Robertson
12,3,Mollusca,Bivalvia,Carditida,Astartidae,Astarte elliptica,1,0.4537,0.4537,Craig Robertson
12,3,Mollusca,Bivalvia,Carditida,Astartidae,Astarte elliptica,1,0.5913,0.5913,Craig Robertson
12,3,Mollusca,Bivalvia,Carditida,Astartidae,Astarte elliptica,1,0.6741,0.6741,Craig Robertson
12,3,Mollusca,Bivalvia,Carditida,Astartidae,Astarte elliptica,1,0.8492,0.8492,Craig Robertson
12,3,Mollusca,Bivalvia,Carditida,Astartidae,Astarte elliptica,1,1.0527,1.0527,Craig Robertson
13,3,Mollusca,Bivalvia,Carditida,Astartidae,Astarte elliptica,1,0.8028,0.8028,Craig Robertson
19,3,Mollusca,Bivalvia,Carditida,Astartidae,Astarte elliptica,1,0.0048,0.0048,Craig Robertson
19,3,Mollusca,Bivalvia,Carditida,Astartidae,Astarte elliptica,1,0.0363,0.0363,Craig Robertson
19,3,Mollusca,Bivalvia,Carditida,Astartidae,Astarte elliptica,1,0.505,0.505,Craig Robertson
2,4,,,,,Astarte elliptica,1,0.0093,0.0093,Hel
2,4,,,,,Astarte elliptica,1,0.014,0.014,Hel
2,4,,,,,Astarte elliptica,1,0.0237,0.0237,Hel
2,4,,,,,Astarte elliptica,1,0.0342,0.0342,Hel
2,4,,,,,Astarte elliptica,1,0.0459,0.0459,Hel
2,4,,,,,Astarte elliptica,1,0.182,0.182,Hel
2,4,,,,,Astarte elliptica,1,0.2298,0.2298,Hel
2,4,,,,,Astarte elliptica,1,0.4,0.4,Hel
2,4,,,,,Astarte elliptica,1,0.6133,0.6133,Hel
2,4,,,,,Astarte elliptica,1,0.6691,0.6691,Hel
2,4,,,,,Astarte elliptica,1,0.9227,0.9227,Hel
2,4,,,,,Astarte elliptica,1,1.3632,1.3632,Hel
3,4,,,,,Astarte elliptica,1,0.2168,0.2168,Hel
11,4,,,,,Astarte elliptica,1,0.1218,0.1218,Hel
12,4,,,,,Astarte elliptica,1,0.3667,0.3667,Hel
12,4,,,,,Astarte elliptica,1,0.4241,0.4241,Hel
12,4,,,,,Astarte elliptica,1,0.5285,0.5285,Hel
12,4,,,,,Astarte elliptica,1,0.5715,0.5715,Hel
12,4,,,,,Astarte elliptica,1,0.6589,0.6589,Hel
13,4,,,,,Astarte elliptica,1,0.4965,0.4965,Hel
13,4,,,,,Astarte elliptica,1,0.4981,0.4981,Hel
13,4,,,,,Astarte elliptica,1,0.5116,0.5116,Hel
13,4,,,,,Astarte elliptica,1,0.567,0.567,Hel
13,4,,,,,Astarte elliptica,1,0.723,0.723,Hel
13,4,,,,,Astarte elliptica,1,0.8387,0.8387,Hel
13,4,,,,,Astarte elliptica,1,1.1196,1.1196,Hel
1,5,,,,,Astarte elliptica,1,0.0237,0.0237,Hel
1,5,,,,,Astarte elliptica,1,0.0315,0.0315,Hel
1,5,,,,,Astarte elliptica,1,0.052,0.052,Hel
1,5,,,,,Astarte elliptica,1,0.2937,0.2937,Hel
1,5,,,,,Astarte elliptica,1,0.3556,0.3556,Hel
1,5,,,,,Astarte elliptica,1,0.6019,0.6019,Hel
2,5,,,,,Astarte elliptica,1,0.009,0.009,Hel
2,5,,,,,Astarte elliptica,1,0.0103,0.0103,Hel
2,5,,,,,Astarte elliptica,1,0.0156,0.0156,Hel
2,5,,,,,Astarte elliptica,1,0.0193,0.0193,Hel
2,5,,,,,Astarte elliptica,1,0.022,0.022,Hel
2,5,,,,,Astarte elliptica,1,0.0256,0.0256,Hel
2,5,,,,,Astarte elliptica,1,0.0289,0.0289,Hel
2,5,,,,,Astarte elliptica,1,0.0336,0.0336,Hel
2,5,,,,,Astarte elliptica,1,0.0474,0.0474,Hel
2,5,,,,,Astarte elliptica,1,0.0913,0.0913,Hel
2,5,,,,,Astarte elliptica,1,0.1045,0.1045,Hel
2,5,,,,,Astarte elliptica,1,0.1511,0.1511,Hel
2,5,,,,,Astarte elliptica,1,0.1959,0.1959,Hel
2,5,,,,,Astarte elliptica,1,0.2192,0.2192,Hel
2,5,,,,,Astarte elliptica,1,0.227,0.227,Hel
2,5,,,,,Astarte elliptica,1,0.236,0.236,Hel
2,5,,,,,Astarte elliptica,1,0.2388,0.2388,Hel
2,5,,,,,Astarte elliptica,1,0.2671,0.2671,Hel
2,5,,,,,Astarte elliptica,1,0.2855,0.2855,Hel
2,5,,,,,Astarte elliptica,1,0.324,0.324,Hel
2,5,,,,,Astarte elliptica,1,0.3455,0.3455,Hel
2,5,,,,,Astarte elliptica,1,0.3532,0.3532,Hel
2,5,,,,,Astarte elliptica,1,0.3561,0.3561,Hel
2,5,,,,,Astarte elliptica,1,0.3696,0.3696,Hel
2,5,,,,,Astarte elliptica,1,0.4387,0.4387,Hel
2,5,,,,,Astarte elliptica,1,0.4813,0.4813,Hel
2,5,,,,,Astarte elliptica,1,0.4861,0.4861,Hel
2,5,,,,,Astarte elliptica,1,0.5411,0.5411,Hel
2,5,,,,,Astarte elliptica,1,0.611,0.611,Hel
2,5,,,,,Astarte elliptica,1,0.62,0.62,Hel
2,5,,,,,Astarte elliptica,1,0.7304,0.7304,Hel
2,5,,,,,Astarte elliptica,1,0.8007,0.8007,Hel
2,5,,,,,Astarte elliptica,1,1.0116,1.0116,Hel
3,5,,,,,Astarte elliptica,1,0.0899,0.0899,Hel
3,5,,,,,Astarte elliptica,1,0.1031,0.1031,Hel
3,5,,,,,Astarte elliptica,1,0.1399,0.1399,Hel
3,5,,,,,Astarte elliptica,1,0.2327,0.2327,Hel
11,5,Mollusca,Bivalvia,Carditida,Astartidae,Astarte elliptica,1,0,0,Craig Robertson
11,5,Mollusca,Bivalvia,Carditida,Astartidae,Astarte elliptica,1,0.0011,0.0011,Craig Robertson
11,5,Mollusca,Bivalvia,Carditida,Astartidae,Astarte elliptica,1,0.2812,0.2812,Craig Robertson
11,5,Mollusca,Bivalvia,Carditida,Astartidae,Astarte elliptica,1,0.4608,0.4608,Craig Robertson
11,5,Mollusca,Bivalvia,Carditida,Astartidae,Astarte elliptica,1,1.2396,1.2396,Craig Robertson
11,5,Mollusca,Bivalvia,Carditida,Astartidae,Astarte elliptica,1,1.5198,1.5198,Craig Robertson
12,5,Mollusca,Bivalvia,Carditida,Astartidae,Astarte elliptica,1,0.0428,0.0428,Craig Robertson
12,5,Mollusca,Bivalvia,Carditida,Astartidae,Astarte elliptica,1,0.0643,0.0643,Craig Robertson
12,5,Mollusca,Bivalvia,Carditida,Astartidae,Astarte elliptica,1,0.082,0.082,Craig Robertson
12,5,Mollusca,Bivalvia,Carditida,Astartidae,Astarte elliptica,1,0.1258,0.1258,Craig Robertson
12,5,Mollusca,Bivalvia,Carditida,Astartidae,Astarte elliptica,1,0.1573,0.1573,Craig Robertson
12,5,Mollusca,Bivalvia,Carditida,Astartidae,Astarte elliptica,1,0.1768,0.1768,Craig Robertson
12,5,Mollusca,Bivalvia,Carditida,Astartidae,Astarte elliptica,1,0.1972,0.1972,Craig Robertson
12,5,Mollusca,Bivalvia,Carditida,Astartidae,Astarte elliptica,1,0.2369,0.2369,Craig Robertson
12,5,Mollusca,Bivalvia,Carditida,Astartidae,Astarte elliptica,1,0.2507,0.2507,Craig Robertson
12,5,Mollusca,Bivalvia,Carditida,Astartidae,Astarte elliptica,1,0.251,0.251,Craig Robertson
12,5,Mollusca,Bivalvia,Carditida,Astartidae,Astarte elliptica,1,0.2714,0.2714,Craig Robertson
12,5,Mollusca,Bivalvia,Carditida,Astartidae,Astarte elliptica,1,0.3044,0.3044,Craig Robertson
12,5,Mollusca,Bivalvia,Carditida,Astartidae,Astarte elliptica,1,0.3341,0.3341,Craig Robertson
12,5,Mollusca,Bivalvia,Carditida,Astartidae,Astarte elliptica,1,0.3793,0.3793,Craig Robertson
12,5,Mollusca,Bivalvia,Carditida,Astartidae,Astarte elliptica,1,0.403,0.403,Craig Robertson
12,5,Mollusca,Bivalvia,Carditida,Astartidae,Astarte elliptica,1,0.5043,0.5043,Craig Robertson
12,5,Mollusca,Bivalvia,Carditida,Astartidae,Astarte elliptica,1,0.5293,0.5293,Craig Robertson
12,5,Mollusca,Bivalvia,Carditida,Astartidae,Astarte elliptica,1,0.5402,0.5402,Craig Robertson
12,5,Mollusca,Bivalvia,Carditida,Astartidae,Astarte elliptica,1,0.5764,0.5764,Craig Robertson
12,5,Mollusca,Bivalvia,Carditida,Astartidae,Astarte elliptica,1,0.7386,0.7386,Craig Robertson
12,5,Mollusca,Bivalvia,Carditida,Astartidae,Astarte elliptica,1,0.8206,0.8206,Craig Robertson
13,5,Mollusca,Bivalvia,Carditida,Astartidae,Astarte elliptica,1,0.8128,0.8128,Craig Robertson
17,5,Mollusca,Bivalvia,Carditida,Astartidae,Astarte elliptica,1,0.4731,0.4731,Craig Robertson
1,6,Mollusca,Bivalvia,Carditida,Astartidae,Astarte elliptica,1,0.0096,0.0096,Craig Robertson
1,6,Mollusca,Bivalvia,Carditida,Astartidae,Astarte elliptica,1,0.0157,0.0157,Craig Robertson
1,6,Mollusca,Bivalvia,Carditida,Astartidae,Astarte elliptica,1,0.0161,0.0161,Craig Robertson
1,6,Mollusca,Bivalvia,Carditida,Astartidae,Astarte elliptica,1,0.0186,0.0186,Craig Robertson
1,6,Mollusca,Bivalvia,Carditida,Astartidae,Astarte elliptica,1,0.0241,0.0241,Craig Robertson
1,6,Mollusca,Bivalvia,Carditida,Astartidae,Astarte elliptica,1,0.0277,0.0277,Craig Robertson
1,6,Mollusca,Bivalvia,Carditida,Astartidae,Astarte elliptica,1,0.0296,0.0296,Craig Robertson
1,6,Mollusca,Bivalvia,Carditida,Astartidae,Astarte elliptica,1,0.0349,0.0349,Craig Robertson
1,6,Mollusca,Bivalvia,Carditida,Astartidae,Astarte elliptica,1,0.0419,0.0419,Craig Robertson
1,6,Mollusca,Bivalvia,Carditida,Astartidae,Astarte elliptica,1,0.0461,0.0461,Craig Robertson
1,6,Mollusca,Bivalvia,Carditida,Astartidae,Astarte elliptica,1,0.0473,0.0473,Craig Robertson
1,6,Mollusca,Bivalvia,Carditida,Astartidae,Astarte elliptica,1,0.0685,0.0685,Craig Robertson
1,6,Mollusca,Bivalvia,Carditida,Astartidae,Astarte elliptica,1,0.076,0.076,Craig Robertson
1,6,Mollusca,Bivalvia,Carditida,Astartidae,Astarte elliptica,1,0.0815,0.0815,Craig Robertson
1,6,Mollusca,Bivalvia,Carditida,Astartidae,Astarte elliptica,1,0.0823,0.0823,Craig Robertson
1,6,Mollusca,Bivalvia,Carditida,Astartidae,Astarte elliptica,1,0.1424,0.1424,Craig Robertson
1,6,Mollusca,Bivalvia,Carditida,Astartidae,Astarte elliptica,1,0.285,0.285,Craig Robertson
1,6,Mollusca,Bivalvia,Carditida,Astartidae,Astarte elliptica,1,0.6035,0.6035,Craig Robertson
1,6,Mollusca,Bivalvia,Carditida,Astartidae,Astarte elliptica,1,0.6248,0.6248,Craig Robertson
1,7,,,,,Astarte elliptica,1,0.019,0.019,Hel
1,7,,,,,Astarte elliptica,1,0.0234,0.0234,Hel
1,7,,,,,Astarte elliptica,1,0.0241,0.0241,Hel
1,7,,,,,Astarte elliptica,1,0.0284,0.0284,Hel
1,7,,,,,Astarte elliptica,1,0.0352,0.0352,Hel
1,7,,,,,Astarte elliptica,1,0.0369,0.0369,Hel
1,7,,,,,Astarte elliptica,1,0.0384,0.0384,Hel
1,7,,,,,Astarte elliptica,1,0.0391,0.0391,Hel
1,7,,,,,Astarte elliptica,1,0.0439,0.0439,Hel
1,7,,,,,Astarte elliptica,1,0.0448,0.0448,Hel
1,7,,,,,Astarte elliptica,1,0.0694,0.0694,Hel
1,7,,,,,Astarte elliptica,1,0.0808,0.0808,Hel
1,7,,,,,Astarte elliptica,1,0.0845,0.0845,Hel
1,7,,,,,Astarte elliptica,1,0.0904,0.0904,Hel
1,7,,,,,Astarte elliptica,1,0.1118,0.1118,Hel
1,7,,,,,Astarte elliptica,1,0.1431,0.1431,Hel
1,7,,,,,Astarte elliptica,1,0.1585,0.1585,Hel
1,7,,,,,Astarte elliptica,1,0.1789,0.1789,Hel
1,7,,,,,Astarte elliptica,1,0.204,0.204,Hel
1,7,,,,,Astarte elliptica,1,0.2329,0.2329,Hel
1,7,,,,,Astarte elliptica,1,0.2486,0.2486,Hel
1,7,,,,,Astarte elliptica,1,0.2785,0.2785,Hel
1,7,,,,,Astarte elliptica,1,0.2906,0.2906,Hel
1,7,,,,,Astarte elliptica,1,0.2944,0.2944,Hel
1,7,,,,,Astarte elliptica,1,0.3112,0.3112,Hel
1,7,,,,,Astarte elliptica,1,0.3178,0.3178,Hel
1,7,,,,,Astarte elliptica,1,0.3375,0.3375,Hel
1,7,,,,,Astarte elliptica,1,0.3715,0.3715,Hel
1,7,,,,,Astarte elliptica,1,0.386,0.386,Hel
1,7,,,,,Astarte elliptica,1,0.4137,0.4137,Hel
1,7,,,,,Astarte elliptica,1,0.5695,0.5695,Hel
1,7,,,,,Astarte elliptica,1,0.5908,0.5908,Hel
1,7,,,,,Astarte elliptica,1,0.6774,0.6774,Hel
1,7,,,,,Astarte elliptica,1,0.7311,0.7311,Hel
1,7,,,,,Astarte elliptica,1,0.752,0.752,Hel
1,7,,,,,Astarte elliptica,1,0.7732,0.7732,Hel
1,7,,,,,Astarte elliptica,1,0.7798,0.7798,Hel
1,7,,,,,Astarte elliptica,1,0.7953,0.7953,Hel
1,7,,,,,Astarte elliptica,1,0.8389,0.8389,Hel
1,7,,,,,Astarte elliptica,1,0.886,0.886,Hel
1,7,,,,,Astarte elliptica,1,0.9705,0.9705,Hel
1,7,,,,,Astarte elliptica,1,1.0196,1.0196,Hel
1,7,,,,,Astarte elliptica,1,1.1262,1.1262,Hel
11,5,NA,NA,NA,NA,Bryozoan spp. ,1,0,0,Craig Robertson
12,5,NA,NA,NA,NA,Bryozoan spp. ,1,0,0,Craig Robertson
8,1,NA,NA,NA,NA,Campanularidae,1,0,0,Craig Robertson
12,3,NA,NA,NA,NA,Campanularidae,1,0,0,Craig Robertson
16,1,Nemertea,Pilidiophora,Heteronemertea,Lineidae,Cerebratulus sp.,1,0.0063,0.0063,Craig Robertson
12,3,Nemertea,Pilidiophora,Heteronemertea,Lineidae,Cerebratulus sp.,1,0.0047,0.0047,Craig Robertson
12,3,Nemertea,Pilidiophora,Heteronemertea,Lineidae,Cerebratulus sp.,1,0.0126,0.0126,Craig Robertson
12,3,Nemertea,Pilidiophora,Heteronemertea,Lineidae,Cerebratulus sp.,1,0.0158,0.0158,Craig Robertson
12,3,Nemertea,Pilidiophora,Heteronemertea,Lineidae,Cerebratulus sp.,1,0.0447,0.0447,Craig Robertson
13,3,Nemertea,Pilidiophora,Heteronemertea,Lineidae,Cerebratulus sp.,1,0.0056,0.0056,Craig Robertson
11,5,Nemertea,Pilidiophora,Heteronemertea,Lineidae,Cerebratulus sp.,1,0.0254,0.0254,Craig Robertson
12,5,Nemertea,Pilidiophora,Heteronemertea,Lineidae,Cerebratulus sp.,1,0.0023,0.0023,Craig Robertson
12,5,Nemertea,Pilidiophora,Heteronemertea,Lineidae,Cerebratulus sp.,1,0.003,0.003,Craig Robertson
1,6,Nemertea,Pilidiophora,Heteronemertea,Lineidae,Cerebratulus sp.,1,0.0047,0.0047,Craig Robertson
1,6,Nemertea,Pilidiophora,Heteronemertea,Lineidae,Cerebratulus sp.,1,0.0089,0.0089,Craig Robertson
1,2,Arthropoda,Malacostraca,Amphipoda,Corophiidae,Corophium sp.,1,0.0043,0.0043,Craig Robertson
14,1,Arthropoda,Malacostraca,Cumacea,Diastylidae,Diastylis bradyii,1,0.0028,0.0028,Craig Robertson
12,2,Arthropoda,Malacostraca,Cumacea,Diastylidae,Diastylis bradyii,1,0.0005,0.0005,Craig Robertson
12,2,Arthropoda,Malacostraca,Cumacea,Diastylidae,Diastylis bradyii,1,0.0009,0.0009,Craig Robertson
12,2,Arthropoda,Malacostraca,Cumacea,Diastylidae,Diastylis bradyii,1,0.001,0.001,Craig Robertson
12,2,Arthropoda,Malacostraca,Cumacea,Diastylidae,Diastylis bradyii,1,0.002,0.002,Craig Robertson
12,2,Arthropoda,Malacostraca,Cumacea,Diastylidae,Diastylis bradyii,1,0.0022,0.0022,Craig Robertson
12,2,Arthropoda,Malacostraca,Cumacea,Diastylidae,Diastylis bradyii,1,0.0023,0.0023,Craig Robertson
12,2,Arthropoda,Malacostraca,Cumacea,Diastylidae,Diastylis bradyii,1,0.0029,0.0029,Craig Robertson
12,2,Arthropoda,Malacostraca,Cumacea,Diastylidae,Diastylis bradyii,1,0.0036,0.0036,Craig Robertson
12,2,Arthropoda,Malacostraca,Cumacea,Diastylidae,Diastylis bradyii,1,0.0071,0.0071,Craig Robertson
12,2,Arthropoda,Malacostraca,Cumacea,Diastylidae,Diastylis bradyii,1,0.0088,0.0088,Craig Robertson
12,3,Arthropoda,Malacostraca,Cumacea,Diastylidae,Diastylis bradyii,1,0.0004,0.0004,Craig Robertson
12,3,Arthropoda,Malacostraca,Cumacea,Diastylidae,Diastylis bradyii,1,0.0005,0.0005,Craig Robertson
12,3,Arthropoda,Malacostraca,Cumacea,Diastylidae,Diastylis bradyii,1,0.0015,0.0015,Craig Robertson
12,3,Arthropoda,Malacostraca,Cumacea,Diastylidae,Diastylis bradyii,1,0.0023,0.0023,Craig Robertson
12,3,Arthropoda,Malacostraca,Cumacea,Diastylidae,Diastylis bradyii,1,0.0029,0.0029,Craig Robertson
12,3,Arthropoda,Malacostraca,Cumacea,Diastylidae,Diastylis bradyii,1,0.0043,0.0043,Craig Robertson
12,3,Arthropoda,Malacostraca,Cumacea,Diastylidae,Diastylis bradyii,1,0.0044,0.0044,Craig Robertson
12,3,Arthropoda,Malacostraca,Cumacea,Diastylidae,Diastylis bradyii,1,0.0055,0.0055,Craig Robertson
12,3,Arthropoda,Malacostraca,Cumacea,Diastylidae,Diastylis bradyii,1,0.0073,0.0073,Craig Robertson
12,3,Arthropoda,Malacostraca,Cumacea,Diastylidae,Diastylis bradyii,1,0.0233,0.0233,Craig Robertson
12,5,Arthropoda,Malacostraca,Cumacea,Diastylidae,Diastylis bradyii,1,0.0007,0.0007,Craig Robertson
12,5,Arthropoda,Malacostraca,Cumacea,Diastylidae,Diastylis bradyii,1,0.002,0.002,Craig Robertson
12,5,Arthropoda,Malacostraca,Cumacea,Diastylidae,Diastylis bradyii,1,0.0023,0.0023,Craig Robertson
12,5,Arthropoda,Malacostraca,Cumacea,Diastylidae,Diastylis bradyii,1,0.0028,0.0028,Craig Robertson
12,5,Arthropoda,Malacostraca,Cumacea,Diastylidae,Diastylis bradyii,1,0.003,0.003,Craig Robertson
12,5,Arthropoda,Malacostraca,Cumacea,Diastylidae,Diastylis bradyii,1,0.0049,0.0049,Craig Robertson
12,5,Arthropoda,Malacostraca,Cumacea,Diastylidae,Diastylis bradyii,1,0.0049,0.0049,Craig Robertson
12,5,Arthropoda,Malacostraca,Cumacea,Diastylidae,Diastylis bradyii,1,0.0053,0.0053,Craig Robertson
12,5,Arthropoda,Malacostraca,Cumacea,Diastylidae,Diastylis bradyii,1,0.0157,0.0157,Craig Robertson
12,5,Arthropoda,Malacostraca,Cumacea,Diastylidae,Diastylis bradyii,1,0.0246,0.0246,Craig Robertson
12,5,Arthropoda,Malacostraca,Cumacea,Diastylidae,Diastylis bradyii,1,0.0262,0.0262,Craig Robertson
12,5,Arthropoda,Malacostraca,Cumacea,Diastylidae,Diastylis bradyii,1,0.0303,0.0303,Craig Robertson
13,5,Arthropoda,Malacostraca,Cumacea,Diastylidae,Diastylis bradyii,1,0,0,Craig Robertson
13,5,Arthropoda,Malacostraca,Cumacea,Diastylidae,Diastylis bradyii,1,0.0004,0.0004,Craig Robertson
13,5,Arthropoda,Malacostraca,Cumacea,Diastylidae,Diastylis bradyii,1,0.0013,0.0013,Craig Robertson
13,5,Arthropoda,Malacostraca,Cumacea,Diastylidae,Diastylis bradyii,1,0.0019,0.0019,Craig Robertson
1,6,Arthropoda,Malacostraca,Cumacea,Diastylidae,Diastylis bradyii,1,0.0017,0.0017,Craig Robertson
1,6,Arthropoda,Malacostraca,Cumacea,Diastylidae,Diastylis bradyii,1,0.0042,0.0042,Craig Robertson
1,6,Arthropoda,Malacostraca,Cumacea,Diastylidae,Diastylis bradyii,1,0.0103,0.0103,Craig Robertson
1,6,Arthropoda,Malacostraca,Cumacea,Diastylidae,Diastylis bradyii,1,0.0175,0.0175,Craig Robertson
1,2,Arthropoda,Malacostraca,Cumacea,Diastylidae,Diastylis lucifera,1,0.0063,0.0063,Craig Robertson
1,2,Arthropoda,Malacostraca,Cumacea,Diastylidae,Diastylis lucifera,1,0.0065,0.0065,Craig Robertson
1,2,Arthropoda,Malacostraca,Cumacea,Diastylidae,Diastylis lucifera,1,0.0082,0.0082,Craig Robertson
19,3,Arthropoda,Malacostraca,Cumacea,Diastylidae,Diastylis lucifera,1,0.0009,0.0009,Craig Robertson
2,1,,,,,Diastylus sp.,1,0.021,0.021,Hel
2,1,,,,,Diastylus sp.,1,0.0223,0.0223,Hel
2,1,,,,,Diastylus sp.,1,0.0229,0.0229,Hel
2,1,,,,,Diastylus sp.,11,0.031,0.002818182,Hel
2,1,,,,,Diastylus sp.,1,0.0335,0.0335,Hel
19,1,,,,,Diastylus sp.,1,0.0171,0.0171,Hel
2,2,,,,,Diastylus sp.,1,0.0057,0.0057,Hel
2,2,,,,,Diastylus sp.,1,0.0136,0.0136,Hel
2,2,,,,,Diastylus sp.,5,0.0158,0.00316,Hel
2,2,,,,,Diastylus sp.,1,0.0169,0.0169,Hel
2,2,,,,,Diastylus sp.,1,0.0176,0.0176,Hel
2,2,,,,,Diastylus sp.,5,0.0298,0.00596,Hel
3,2,,,,,Diastylus sp.,1,0.0043,0.0043,Hel
2,3,,,,,Diastylus sp.,1,0.0062,0.0062,Hel
2,3,,,,,Diastylus sp.,6,0.017,0.002833333,Hel
2,3,,,,,Diastylus sp.,1,0.0187,0.0187,Hel
2,3,,,,,Diastylus sp.,4,0.023,0.00575,Hel
15,3,,,,,Diastylus sp.,1,0.0255,0.0255,Hel
15,3,,,,,Diastylus sp.,1,0.0264,0.0264,Hel
2,4,,,,,Diastylus sp.,1,0.007,0.007,Hel
2,4,,,,,Diastylus sp.,3,0.0096,0.0032,Hel
2,4,,,,,Diastylus sp.,1,0.0129,0.0129,Hel
2,4,,,,,Diastylus sp.,1,0.0164,0.0164,Hel
2,4,,,,,Diastylus sp.,1,0.0188,0.0188,Hel
2,4,,,,,Diastylus sp.,1,0.0192,0.0192,Hel
2,4,,,,,Diastylus sp.,1,0.0222,0.0222,Hel
12,4,,,,,Diastylus sp.,1,0.0021,0.0021,Hel
12,4,,,,,Diastylus sp.,1,0.003,0.003,Hel
15,4,,,,,Diastylus sp.,1,0.0187,0.0187,Hel
15,4,,,,,Diastylus sp.,1,0.0228,0.0228,Hel
15,4,,,,,Diastylus sp.,1,0.0333,0.0333,Hel
19,4,,,,,Diastylus sp.,1,0.0267,0.0267,Hel
1,5,,,,,Diastylus sp.,4,0.0252,0.0063,Hel
2,5,,,,,Diastylus sp.,1,0.0023,0.0023,Hel
2,5,,,,,Diastylus sp.,1,0.004,0.004,Hel
2,5,,,,,Diastylus sp.,1,0.0046,0.0046,Hel
2,5,,,,,Diastylus sp.,1,0.0056,0.0056,Hel
2,5,,,,,Diastylus sp.,1,0.006,0.006,Hel
2,5,,,,,Diastylus sp.,1,0.0097,0.0097,Hel
2,5,,,,,Diastylus sp.,1,0.0114,0.0114,Hel
2,5,,,,,Diastylus sp.,1,0.0164,0.0164,Hel
19,5,,,,,Diastylus sp.,1,0.0054,0.0054,Hel
19,5,,,,,Diastylus sp.,1,0.0229,0.0229,Hel
1,7,,,,,Diastylus sp.,1,0.0091,0.0091,Hel
1,7,,,,,Diastylus sp.,1,0.0264,0.0264,Hel
2,1,,,,,Halicryptus spinulosus,1,0.0027,0.0027,Hel
11,1,,,,,Halicryptus spinulosus,1,0.0141,0.0141,Craig Robertson
12,1,,,,,Halicryptus spinulosus,1,0.0034,0.0034,Hel
13,1,,,,,Halicryptus spinulosus,1,0.0009,0.0009,Hel
13,1,,,,,Halicryptus spinulosus,1,0.035,0.035,Hel
15,1,,,,,Halicryptus spinulosus,1,0.0096,0.0096,Hel
15,1,,,,,Halicryptus spinulosus,1,0.01,0.01,Hel
19,1,,,,,Halicryptus spinulosus,1,0.0066,0.0066,Hel
19,1,,,,,Halicryptus spinulosus,1,0.0711,0.0711,Hel
1,2,,,,,Halicryptus spinulosus,1,0.006,0.006,Craig Robertson
1,2,,,,,Halicryptus spinulosus,1,0.0489,0.0489,Craig Robertson
2,2,,,,,Halicryptus spinulosus,1,0.0086,0.0086,Hel
2,2,,,,,Halicryptus spinulosus,1,0.0641,0.0641,Hel
3,2,,,,,Halicryptus spinulosus,1,0.0102,0.0102,Hel
3,2,,,,,Halicryptus spinulosus,1,0.1163,0.1163,Hel
3,2,,,,,Halicryptus spinulosus,1,0.1222,0.1222,Hel
14,2,,,,,Halicryptus spinulosus,1,0.0131,0.0131,Hel
14,2,,,,,Halicryptus spinulosus,1,0.0644,0.0644,Hel
18,2,,,,,Halicryptus spinulosus,1,0.0014,0.0014,Craig Robertson
18,2,,,,,Halicryptus spinulosus,1,0.0021,0.0021,Craig Robertson
18,2,,,,,Halicryptus spinulosus,1,0.0035,0.0035,Craig Robertson
18,2,,,,,Halicryptus spinulosus,1,0.0073,0.0073,Craig Robertson
18,2,,,,,Halicryptus spinulosus,1,0.0009,0.0009,Craig Robertson
19,2,,,,,Halicryptus spinulosus,1,0.0556,0.0556,Craig Robertson
2,3,,,,,Halicryptus spinulosus,1,0.0016,0.0016,Hel
3,3,,,,,Halicryptus spinulosus,1,0.0778,0.0778,Hel
3,3,,,,,Halicryptus spinulosus,1,0.136,0.136,Hel
14,3,,,,,Halicryptus spinulosus,1,0.0047,0.0047,Hel
14,3,,,,,Halicryptus spinulosus,1,0.0095,0.0095,Hel
14,3,,,,,Halicryptus spinulosus,1,0.0105,0.0105,Hel
14,3,,,,,Halicryptus spinulosus,1,0.0304,0.0304,Hel
15,3,,,,,Halicryptus spinulosus,1,0.0173,0.0173,Hel
15,3,,,,,Halicryptus spinulosus,1,0.0797,0.0797,Hel
3,4,,,,,Halicryptus spinulosus,1,0.0152,0.0152,Hel
12,4,,,,,Halicryptus spinulosus,1,0.0347,0.0347,Hel
13,4,,,,,Halicryptus spinulosus,1,0.0133,0.0133,Hel
13,4,,,,,Halicryptus spinulosus,1,0.0454,0.0454,Hel
14,4,,,,,Halicryptus spinulosus,1,0.009,0.009,Craig Robertson
14,4,,,,,Halicryptus spinulosus,1,0.0301,0.0301,Craig Robertson
15,4,,,,,Halicryptus spinulosus,1,0.0176,0.0176,Hel
15,4,,,,,Halicryptus spinulosus,1,0.0198,0.0198,Hel
1,5,,,,,Halicryptus spinulosus,1,0.0363,0.0363,Hel
1,5,,,,,Halicryptus spinulosus,1,0.0508,0.0508,Hel
2,5,,,,,Halicryptus spinulosus,1,0.0262,0.0262,Hel
3,5,,,,,Halicryptus spinulosus,1,0.0319,0.0319,Hel
3,5,,,,,Halicryptus spinulosus,1,0.2579,0.2579,Hel
13,5,,,,,Halicryptus spinulosus,1,0.0114,0.0114,Craig Robertson
13,5,,,,,Halicryptus spinulosus,1,0.0127,0.0127,Craig Robertson
13,5,,,,,Halicryptus spinulosus,1,0.0144,0.0144,Craig Robertson
13,5,,,,,Halicryptus spinulosus,1,0.0426,0.0426,Craig Robertson
14,5,,,,,Halicryptus spinulosus,1,0.0088,0.0088,Hel
15,5,,,,,Halicryptus spinulosus,1,0.0478,0.0478,Craig Robertson
19,5,,,,,Halicryptus spinulosus,1,0.0446,0.0446,Hel
19,5,,,,,Halicryptus spinulosus,1,0.0791,0.0791,Hel
19,5,,,,,Halicryptus spinulosus,1,0.122,0.122,Hel
2,1,,,,,Harmothoe sarsi,20,0.2214,0.01107,Hel
3,1,,,,,Harmothoe sarsi,2,0.0106,0.0053,Hel
12,1,,,,,Harmothoe sarsi,2,0.0027,0.00135,Hel
12,1,,,,,Harmothoe sarsi,2,0.0085,0.00425,Hel
13,1,,,,,Harmothoe sarsi,2,0.0375,0.01875,Hel
13,1,,,,,Harmothoe sarsi,8,0.0622,0.007775,Hel
15,1,,,,,Harmothoe sarsi,4,0.0078,0.00195,Hel
19,1,,,,,Harmothoe sarsi,4,0.093,0.02325,Hel
2,2,,,,,Harmothoe sarsi,1,0.0043,0.0043,Hel
3,2,,,,,Harmothoe sarsi,1,0.0007,0.0007,Hel
11,2,,,,,Harmothoe sarsi,2,0.028,0.014,Hel
13,2,,,,,Harmothoe sarsi,2,0.0305,0.01525,Hel
13,2,,,,,Harmothoe sarsi,8,0.0367,0.0045875,Hel
16,2,,,,,Harmothoe sarsi,3,0.0306,0.0102,Hel
2,3,,,,,Harmothoe sarsi,11,0.065,0.005909091,Hel
3,3,,,,,Harmothoe sarsi,6,0.0272,0.004533333,Hel
14,3,,,,,Harmothoe sarsi,3,0.0098,0.003266667,Hel
14,3,,,,,Harmothoe sarsi,1,0.1693,0.1693,Hel
15,3,,,,,Harmothoe sarsi,10,0.0332,0.00332,Hel
2,4,,,,,Harmothoe sarsi,1,0.0098,0.0098,Hel
2,4,,,,,Harmothoe sarsi,1,0.0225,0.0225,Hel
2,4,,,,,Harmothoe sarsi,4,0.0294,0.00735,Hel
2,4,,,,,Harmothoe sarsi,1,0.0316,0.0316,Hel
3,4,,,,,Harmothoe sarsi,3,0.0252,0.0084,Hel
11,4,,,,,Harmothoe sarsi,2,0.0038,0.0019,Hel
11,4,,,,,Harmothoe sarsi,3,0.0121,0.004033333,Hel
13,4,,,,,Harmothoe sarsi,4,0.016,0.004,Hel
15,4,,,,,Harmothoe sarsi,8,0.0373,0.0046625,Hel
19,4,,,,,Harmothoe sarsi,4,0.0151,0.003775,Hel
1,5,,,,,Harmothoe sarsi,1,0.0221,0.0221,Hel
1,5,,,,,Harmothoe sarsi,9,0.0689,0.007655556,Hel
2,5,,,,,Harmothoe sarsi,8,0.0873,0.0109125,Hel
3,5,,,,,Harmothoe sarsi,2,0.0184,0.0092,Hel
18,5,,,,,Harmothoe sarsi,1,0.0118,0.0118,Hel
19,5,,,,,Harmothoe sarsi,5,0.0215,0.0043,Hel
1,7,,,,,Harmothoe sarsi,3,0.0263,0.008766667,Hel
14,1,Annelida,Polychaeta,Phyllodocida,Polynoidae,Harmothoe sp.,1,0.0003,0.0003,Craig Robertson
14,1,Annelida,Polychaeta,Phyllodocida,Polynoidae,Harmothoe sp.,1,0.0007,0.0007,Craig Robertson
14,1,Annelida,Polychaeta,Phyllodocida,Polynoidae,Harmothoe sp.,1,0.0019,0.0019,Craig Robertson
14,1,Annelida,Polychaeta,Phyllodocida,Polynoidae,Harmothoe sp.,1,0.0026,0.0026,Craig Robertson
14,1,Annelida,Polychaeta,Phyllodocida,Polynoidae,Harmothoe sp.,1,0.0585,0.0585,Craig Robertson
16,1,Annelida,Polychaeta,Phyllodocida,Polynoidae,Harmothoe sp.,1,0,0,Craig Robertson
16,1,Annelida,Polychaeta,Phyllodocida,Polynoidae,Harmothoe sp.,1,0.0002,0.0002,Craig Robertson
16,1,Annelida,Polychaeta,Phyllodocida,Polynoidae,Harmothoe sp.,1,0.0021,0.0021,Craig Robertson
10,2,Annelida,Polychaeta,Phyllodocida,Polynoidae,Harmothoe sp.,1,0.0149,0.0149,Craig Robertson
10,2,Annelida,Polychaeta,Phyllodocida,Polynoidae,Harmothoe sp.,1,0.0182,0.0182,Craig Robertson
18,2,Annelida,Polychaeta,Phyllodocida,Polynoidae,Harmothoe sp.,1,0.0001,0.0001,Craig Robertson
18,2,Annelida,Polychaeta,Phyllodocida,Polynoidae,Harmothoe sp.,1,0.001,0.001,Craig Robertson
18,2,Annelida,Polychaeta,Phyllodocida,Polynoidae,Harmothoe sp.,1,0.0013,0.0013,Craig Robertson
18,2,Annelida,Polychaeta,Phyllodocida,Polynoidae,Harmothoe sp.,1,0.0056,0.0056,Craig Robertson
18,2,Annelida,Polychaeta,Phyllodocida,Polynoidae,Harmothoe sp.,1,0.0058,0.0058,Craig Robertson
18,2,Annelida,Polychaeta,Phyllodocida,Polynoidae,Harmothoe sp.,1,0.0067,0.0067,Craig Robertson
18,2,Annelida,Polychaeta,Phyllodocida,Polynoidae,Harmothoe sp.,1,0.0103,0.0103,Craig Robertson
18,2,Annelida,Polychaeta,Phyllodocida,Polynoidae,Harmothoe sp.,1,0.0139,0.0139,Craig Robertson
19,2,Annelida,Polychaeta,Phyllodocida,Polynoidae,Harmothoe sp.,1,0.0004,0.0004,Craig Robertson
19,2,Annelida,Polychaeta,Phyllodocida,Polynoidae,Harmothoe sp.,1,0.0031,0.0031,Craig Robertson
11,3,Annelida,Polychaeta,Phyllodocida,Polynoidae,Harmothoe sp.,1,0.0039,0.0039,Craig Robertson
12,3,Annelida,Polychaeta,Phyllodocida,Polynoidae,Harmothoe sp.,1,0.0001,0.0001,Craig Robertson
12,3,Annelida,Polychaeta,Phyllodocida,Polynoidae,Harmothoe sp.,1,0.0013,0.0013,Craig Robertson
12,3,Annelida,Polychaeta,Phyllodocida,Polynoidae,Harmothoe sp.,1,0.0021,0.0021,Craig Robertson
12,3,Annelida,Polychaeta,Phyllodocida,Polynoidae,Harmothoe sp.,1,0.0032,0.0032,Craig Robertson
12,3,Annelida,Polychaeta,Phyllodocida,Polynoidae,Harmothoe sp.,1,0.0068,0.0068,Craig Robertson
12,3,Annelida,Polychaeta,Phyllodocida,Polynoidae,Harmothoe sp.,1,0.0095,0.0095,Craig Robertson
13,3,Annelida,Polychaeta,Phyllodocida,Polynoidae,Harmothoe sp.,1,0,0,Craig Robertson
13,3,Annelida,Polychaeta,Phyllodocida,Polynoidae,Harmothoe sp.,1,0,0,Craig Robertson
13,3,Annelida,Polychaeta,Phyllodocida,Polynoidae,Harmothoe sp.,1,0.0001,0.0001,Craig Robertson
13,3,Annelida,Polychaeta,Phyllodocida,Polynoidae,Harmothoe sp.,1,0.0006,0.0006,Craig Robertson
13,3,Annelida,Polychaeta,Phyllodocida,Polynoidae,Harmothoe sp.,1,0.0012,0.0012,Craig Robertson
13,3,Annelida,Polychaeta,Phyllodocida,Polynoidae,Harmothoe sp.,1,0.0013,0.0013,Craig Robertson
13,3,Annelida,Polychaeta,Phyllodocida,Polynoidae,Harmothoe sp.,1,0.0014,0.0014,Craig Robertson
13,3,Annelida,Polychaeta,Phyllodocida,Polynoidae,Harmothoe sp.,1,0.0026,0.0026,Craig Robertson
13,3,Annelida,Polychaeta,Phyllodocida,Polynoidae,Harmothoe sp.,1,0.0031,0.0031,Craig Robertson
13,3,Annelida,Polychaeta,Phyllodocida,Polynoidae,Harmothoe sp.,1,0.0037,0.0037,Craig Robertson
13,3,Annelida,Polychaeta,Phyllodocida,Polynoidae,Harmothoe sp.,1,0.0081,0.0081,Craig Robertson
13,3,Annelida,Polychaeta,Phyllodocida,Polynoidae,Harmothoe sp.,1,0.0112,0.0112,Craig Robertson
13,3,Annelida,Polychaeta,Phyllodocida,Polynoidae,Harmothoe sp.,1,0.0141,0.0141,Craig Robertson
13,3,Annelida,Polychaeta,Phyllodocida,Polynoidae,Harmothoe sp.,1,0.0158,0.0158,Craig Robertson
13,3,Annelida,Polychaeta,Phyllodocida,Polynoidae,Harmothoe sp.,1,0.016,0.016,Craig Robertson
14,4,Annelida,Polychaeta,Phyllodocida,Polynoidae,Harmothoe sp.,1,0.0002,0.0002,Craig Robertson
14,4,Annelida,Polychaeta,Phyllodocida,Polynoidae,Harmothoe sp.,1,0.0002,0.0002,Craig Robertson
14,4,Annelida,Polychaeta,Phyllodocida,Polynoidae,Harmothoe sp.,1,0.0005,0.0005,Craig Robertson
14,4,Annelida,Polychaeta,Phyllodocida,Polynoidae,Harmothoe sp.,1,0.001,0.001,Craig Robertson
14,4,Annelida,Polychaeta,Phyllodocida,Polynoidae,Harmothoe sp.,1,0.0011,0.0011,Craig Robertson
4,5,Annelida,Polychaeta,Phyllodocida,Polynoidae,Harmothoe sp.,1,0.0009,0.0009,Craig Robertson
11,5,Annelida,Polychaeta,Phyllodocida,Polynoidae,Harmothoe sp.,1,0.0013,0.0013,Craig Robertson
11,5,Annelida,Polychaeta,Phyllodocida,Polynoidae,Harmothoe sp.,1,0.0049,0.0049,Craig Robertson
12,5,Annelida,Polychaeta,Phyllodocida,Polynoidae,Harmothoe sp.,1,0.0007,0.0007,Craig Robertson
12,5,Annelida,Polychaeta,Phyllodocida,Polynoidae,Harmothoe sp.,1,0.0008,0.0008,Craig Robertson
12,5,Annelida,Polychaeta,Phyllodocida,Polynoidae,Harmothoe sp.,1,0.0022,0.0022,Craig Robertson
12,5,Annelida,Polychaeta,Phyllodocida,Polynoidae,Harmothoe sp.,1,0.0034,0.0034,Craig Robertson
12,5,Annelida,Polychaeta,Phyllodocida,Polynoidae,Harmothoe sp.,1,0.0046,0.0046,Craig Robertson
12,5,Annelida,Polychaeta,Phyllodocida,Polynoidae,Harmothoe sp.,1,0.0053,0.0053,Craig Robertson
12,5,Annelida,Polychaeta,Phyllodocida,Polynoidae,Harmothoe sp.,1,0.0074,0.0074,Craig Robertson
12,5,Annelida,Polychaeta,Phyllodocida,Polynoidae,Harmothoe sp.,1,0.0092,0.0092,Craig Robertson
12,5,Annelida,Polychaeta,Phyllodocida,Polynoidae,Harmothoe sp.,1,0.0103,0.0103,Craig Robertson
12,5,Annelida,Polychaeta,Phyllodocida,Polynoidae,Harmothoe sp.,1,0.0149,0.0149,Craig Robertson
13,5,Annelida,Polychaeta,Phyllodocida,Polynoidae,Harmothoe sp.,1,0,0,Craig Robertson
13,5,Annelida,Polychaeta,Phyllodocida,Polynoidae,Harmothoe sp.,1,0,0,Craig Robertson
13,5,Annelida,Polychaeta,Phyllodocida,Polynoidae,Harmothoe sp.,1,0.0001,0.0001,Craig Robertson
13,5,Annelida,Polychaeta,Phyllodocida,Polynoidae,Harmothoe sp.,1,0.0003,0.0003,Craig Robertson
13,5,Annelida,Polychaeta,Phyllodocida,Polynoidae,Harmothoe sp.,1,0.0005,0.0005,Craig Robertson
13,5,Annelida,Polychaeta,Phyllodocida,Polynoidae,Harmothoe sp.,1,0.0006,0.0006,Craig Robertson
13,5,Annelida,Polychaeta,Phyllodocida,Polynoidae,Harmothoe sp.,1,0.0006,0.0006,Craig Robertson
13,5,Annelida,Polychaeta,Phyllodocida,Polynoidae,Harmothoe sp.,1,0.0008,0.0008,Craig Robertson
13,5,Annelida,Polychaeta,Phyllodocida,Polynoidae,Harmothoe sp.,1,0.0017,0.0017,Craig Robertson
13,5,Annelida,Polychaeta,Phyllodocida,Polynoidae,Harmothoe sp.,1,0.0018,0.0018,Craig Robertson
13,5,Annelida,Polychaeta,Phyllodocida,Polynoidae,Harmothoe sp.,1,0.0024,0.0024,Craig Robertson
13,5,Annelida,Polychaeta,Phyllodocida,Polynoidae,Harmothoe sp.,1,0.0141,0.0141,Craig Robertson
15,5,Annelida,Polychaeta,Phyllodocida,Polynoidae,Harmothoe sp.,1,0,0,Craig Robertson
15,5,Annelida,Polychaeta,Phyllodocida,Polynoidae,Harmothoe sp.,1,0,0,Craig Robertson
15,5,Annelida,Polychaeta,Phyllodocida,Polynoidae,Harmothoe sp.,1,0.0003,0.0003,Craig Robertson
15,5,Annelida,Polychaeta,Phyllodocida,Polynoidae,Harmothoe sp.,1,0.0025,0.0025,Craig Robertson
15,5,Annelida,Polychaeta,Phyllodocida,Polynoidae,Harmothoe sp.,1,0.0048,0.0048,Craig Robertson
15,5,Annelida,Polychaeta,Phyllodocida,Polynoidae,Harmothoe sp.,1,0.005,0.005,Craig Robertson
15,5,Annelida,Polychaeta,Phyllodocida,Polynoidae,Harmothoe sp.,1,0.0052,0.0052,Craig Robertson
15,5,Annelida,Polychaeta,Phyllodocida,Polynoidae,Harmothoe sp.,1,0.0055,0.0055,Craig Robertson
15,5,Annelida,Polychaeta,Phyllodocida,Polynoidae,Harmothoe sp.,1,0.009,0.009,Craig Robertson
15,5,Annelida,Polychaeta,Phyllodocida,Polynoidae,Harmothoe sp.,1,0.012,0.012,Craig Robertson
15,5,Annelida,Polychaeta,Phyllodocida,Polynoidae,Harmothoe sp.,1,0.0124,0.0124,Craig Robertson
17,5,Annelida,Polychaeta,Phyllodocida,Polynoidae,Harmothoe sp.,1,0.0021,0.0021,Craig Robertson
1,6,Annelida,Polychaeta,Phyllodocida,Polynoidae,Harmothoe sp.,1,0.0004,0.0004,Craig Robertson
1,6,Annelida,Polychaeta,Phyllodocida,Polynoidae,Harmothoe sp.,1,0.0007,0.0007,Craig Robertson
1,6,Annelida,Polychaeta,Phyllodocida,Polynoidae,Harmothoe sp.,1,0.0009,0.0009,Craig Robertson
1,6,Annelida,Polychaeta,Phyllodocida,Polynoidae,Harmothoe sp.,1,0.0012,0.0012,Craig Robertson
1,6,Annelida,Polychaeta,Phyllodocida,Polynoidae,Harmothoe sp.,1,0.0023,0.0023,Craig Robertson
1,6,Annelida,Polychaeta,Phyllodocida,Polynoidae,Harmothoe sp.,1,0.0025,0.0025,Craig Robertson
1,6,Annelida,Polychaeta,Phyllodocida,Polynoidae,Harmothoe sp.,1,0.0042,0.0042,Craig Robertson
1,6,Annelida,Polychaeta,Phyllodocida,Polynoidae,Harmothoe sp.,1,0.0045,0.0045,Craig Robertson
1,6,Annelida,Polychaeta,Phyllodocida,Polynoidae,Harmothoe sp.,1,0.0092,0.0092,Craig Robertson
1,6,Annelida,Polychaeta,Phyllodocida,Polynoidae,Harmothoe sp.,1,0.0108,0.0108,Craig Robertson
18,3,,,,,Hydroidolina ,NA,0.0798,#VALUE!,Hel
13,4,,,,,Hydroidolina ,1,0.0195,0.0195,Hel
2,1,,,,,Macoma balthica,1,0.1219,0.1219,Hel
11,1,Mollusca,Bivalvia,Cardiida,Tellinidae,Macoma balthica,1,0.0277,0.0277,Craig Robertson
13,1,,,,,Macoma balthica,1,0.0046,0.0046,Hel
13,1,,,,,Macoma balthica,1,0.0123,0.0123,Hel
13,1,,,,,Macoma balthica,1,0.0223,0.0223,Hel
13,1,,,,,Macoma balthica,1,0.0707,0.0707,Hel
13,1,,,,,Macoma balthica,1,0.0858,0.0858,Hel
13,1,,,,,Macoma balthica,1,0.1585,0.1585,Hel
13,1,,,,,Macoma balthica,1,0.1599,0.1599,Hel
13,1,,,,,Macoma balthica,1,0.2101,0.2101,Hel
13,1,,,,,Macoma balthica,1,0.2168,0.2168,Hel
13,1,,,,,Macoma balthica,1,0.2558,0.2558,Hel
13,1,,,,,Macoma balthica,1,0.3081,0.3081,Hel
13,1,,,,,Macoma balthica,1,0.4505,0.4505,Hel
13,1,,,,,Macoma balthica,1,0.2311,0.2311,Hel
14,1,Mollusca,Bivalvia,Cardiida,Tellinidae,Macoma balthica,1,0.046,0.046,Craig Robertson
14,1,Mollusca,Bivalvia,Cardiida,Tellinidae,Macoma balthica,1,0.1185,0.1185,Craig Robertson
15,1,,,,,Macoma balthica,1,0.0052,0.0052,Hel
15,1,,,,,Macoma balthica,4,0.0103,0.002575,Hel
15,1,,,,,Macoma balthica,1,0.1192,0.1192,Hel
15,1,,,,,Macoma balthica,1,0.1833,0.1833,Hel
15,1,,,,,Macoma balthica,1,0.211,0.211,Hel
15,1,,,,,Macoma balthica,1,0.231,0.231,Hel
15,1,,,,,Macoma balthica,1,0.2432,0.2432,Hel
15,1,,,,,Macoma balthica,1,0.2806,0.2806,Hel
15,1,,,,,Macoma balthica,1,0.2981,0.2981,Hel
15,1,,,,,Macoma balthica,1,0.3018,0.3018,Hel
15,1,,,,,Macoma balthica,1,0.3339,0.3339,Hel
16,1,Mollusca,Bivalvia,Cardiida,Tellinidae,Macoma balthica,1,0.0009,0.0009,Craig Robertson
16,1,Mollusca,Bivalvia,Cardiida,Tellinidae,Macoma balthica,1,0.0044,0.0044,Craig Robertson
19,1,,,,,Macoma balthica,1,0.1244,0.1244,Hel
19,1,,,,,Macoma balthica,1,0.196,0.196,Hel
2,2,,,,,Macoma balthica,1,0.1149,0.1149,Hel
2,2,,,,,Macoma balthica,1,0.14,0.14,Hel
2,2,,,,,Macoma balthica,1,0.3162,0.3162,Hel
3,2,,,,,Macoma balthica,1,0.0273,0.0273,Hel
3,2,,,,,Macoma balthica,1,0.0336,0.0336,Hel
3,2,,,,,Macoma balthica,1,0.1063,0.1063,Hel
3,2,,,,,Macoma balthica,1,0.1095,0.1095,Hel
3,2,,,,,Macoma balthica,1,0.2917,0.2917,Hel
3,2,,,,,Macoma balthica,1,0.3431,0.3431,Hel
3,2,,,,,Macoma balthica,1,0.3709,0.3709,Hel
3,2,,,,,Macoma balthica,1,0.4428,0.4428,Hel
12,2,Mollusca,Bivalvia,Cardiida,Tellinidae,Macoma balthica,1,0.0044,0.0044,Craig Robertson
12,2,Mollusca,Bivalvia,Cardiida,Tellinidae,Macoma balthica,1,0.0096,0.0096,Craig Robertson
12,2,Mollusca,Bivalvia,Cardiida,Tellinidae,Macoma balthica,1,0.2082,0.2082,Craig Robertson
12,2,Mollusca,Bivalvia,Cardiida,Tellinidae,Macoma balthica,1,0.2187,0.2187,Craig Robertson
13,2,,,,,Macoma balthica,1,0.0925,0.0925,Hel
13,2,,,,,Macoma balthica,1,0.139,0.139,Hel
13,2,,,,,Macoma balthica,1,0.1997,0.1997,Hel
13,2,,,,,Macoma balthica,1,0.2396,0.2396,Hel
13,2,,,,,Macoma balthica,1,0.4121,0.4121,Hel
14,2,,,,,Macoma balthica,1,0.0013,0.0013,Hel
14,2,,,,,Macoma balthica,1,0.0051,0.0051,Hel
14,2,,,,,Macoma balthica,1,0.0176,0.0176,Hel
14,2,,,,,Macoma balthica,1,0.1173,0.1173,Hel
14,2,,,,,Macoma balthica,1,0.1261,0.1261,Hel
14,2,,,,,Macoma balthica,1,0.1831,0.1831,Hel
14,2,,,,,Macoma balthica,1,0.2009,0.2009,Hel
14,2,,,,,Macoma balthica,1,0.2716,0.2716,Hel
18,2,Mollusca,Bivalvia,Cardiida,Tellinidae,Macoma balthica,1,0,0,Craig Robertson
18,2,Mollusca,Bivalvia,Cardiida,Tellinidae,Macoma balthica,1,0,0,Craig Robertson
18,2,Mollusca,Bivalvia,Cardiida,Tellinidae,Macoma balthica,1,0,0,Craig Robertson
18,2,Mollusca,Bivalvia,Cardiida,Tellinidae,Macoma balthica,1,0,0,Craig Robertson
18,2,Mollusca,Bivalvia,Cardiida,Tellinidae,Macoma balthica,1,0.0002,0.0002,Craig Robertson
18,2,Mollusca,Bivalvia,Cardiida,Tellinidae,Macoma balthica,1,0.001,0.001,Craig Robertson
18,2,Mollusca,Bivalvia,Cardiida,Tellinidae,Macoma balthica,1,0.0015,0.0015,Craig Robertson
18,2,Mollusca,Bivalvia,Cardiida,Tellinidae,Macoma balthica,1,0.0032,0.0032,Craig Robertson
18,2,Mollusca,Bivalvia,Cardiida,Tellinidae,Macoma balthica,1,0.0052,0.0052,Craig Robertson
18,2,Mollusca,Bivalvia,Cardiida,Tellinidae,Macoma balthica,1,0.101,0.101,Craig Robertson
18,2,Mollusca,Bivalvia,Cardiida,Tellinidae,Macoma balthica,1,0.1397,0.1397,Craig Robertson
18,2,Mollusca,Bivalvia,Cardiida,Tellinidae,Macoma balthica,1,0.158,0.158,Craig Robertson
18,2,Mollusca,Bivalvia,Cardiida,Tellinidae,Macoma balthica,1,0.1838,0.1838,Craig Robertson
18,2,Mollusca,Bivalvia,Cardiida,Tellinidae,Macoma balthica,1,0.207,0.207,Craig Robertson
18,2,Mollusca,Bivalvia,Cardiida,Tellinidae,Macoma balthica,1,0.2272,0.2272,Craig Robertson
18,2,Mollusca,Bivalvia,Cardiida,Tellinidae,Macoma balthica,1,0.24,0.24,Craig Robertson
18,2,Mollusca,Bivalvia,Cardiida,Tellinidae,Macoma balthica,1,0.2981,0.2981,Craig Robertson
18,2,Mollusca,Bivalvia,Cardiida,Tellinidae,Macoma balthica,1,0.3189,0.3189,Craig Robertson
18,2,Mollusca,Bivalvia,Cardiida,Tellinidae,Macoma balthica,1,0.3277,0.3277,Craig Robertson
13,3,Mollusca,Bivalvia,Cardiida,Tellinidae,Macoma balthica,1,0.0018,0.0018,Craig Robertson
13,3,Mollusca,Bivalvia,Cardiida,Tellinidae,Macoma balthica,1,0.0771,0.0771,Craig Robertson
13,3,Mollusca,Bivalvia,Cardiida,Tellinidae,Macoma balthica,1,0.1516,0.1516,Craig Robertson
13,3,Mollusca,Bivalvia,Cardiida,Tellinidae,Macoma balthica,1,0.1947,0.1947,Craig Robertson
13,3,Mollusca,Bivalvia,Cardiida,Tellinidae,Macoma balthica,1,0.248,0.248,Craig Robertson
14,3,,,,,Macoma balthica,1,0.004,0.004,Hel
14,3,,,,,Macoma balthica,1,0.0105,0.0105,Hel
14,3,,,,,Macoma balthica,1,0.0122,0.0122,Hel
14,3,,,,,Macoma balthica,1,0.0155,0.0155,Hel
14,3,,,,,Macoma balthica,1,0.0198,0.0198,Hel
14,3,,,,,Macoma balthica,1,0.0358,0.0358,Hel
14,3,,,,,Macoma balthica,1,0.0864,0.0864,Hel
14,3,,,,,Macoma balthica,1,0.106,0.106,Hel
14,3,,,,,Macoma balthica,1,0.141,0.141,Hel
14,3,,,,,Macoma balthica,1,0.1488,0.1488,Hel
14,3,,,,,Macoma balthica,1,0.1877,0.1877,Hel
14,3,,,,,Macoma balthica,1,0.2134,0.2134,Hel
15,3,,,,,Macoma balthica,1,0.0015,0.0015,Hel
15,3,,,,,Macoma balthica,8,0.0393,0.0049125,Hel
15,3,,,,,Macoma balthica,1,0.0503,0.0503,Hel
15,3,,,,,Macoma balthica,1,0.0821,0.0821,Hel
15,3,,,,,Macoma balthica,1,0.0972,0.0972,Hel
15,3,,,,,Macoma balthica,1,0.1052,0.1052,Hel
15,3,,,,,Macoma balthica,1,0.133,0.133,Hel
15,3,,,,,Macoma balthica,1,0.182,0.182,Hel
15,3,,,,,Macoma balthica,1,0.2193,0.2193,Hel
15,3,,,,,Macoma balthica,1,0.2508,0.2508,Hel
15,3,,,,,Macoma balthica,1,0.2868,0.2868,Hel
15,3,,,,,Macoma balthica,1,0.3442,0.3442,Hel
19,3,Mollusca,Bivalvia,Cardiida,Tellinidae,Macoma balthica,1,0.0019,0.0019,Craig Robertson
12,4,,,,,Macoma balthica,1,0.0081,0.0081,Hel
12,4,,,,,Macoma balthica,1,0.0867,0.0867,Hel
12,4,,,,,Macoma balthica,1,0.0941,0.0941,Hel
12,4,,,,,Macoma balthica,1,0.1158,0.1158,Hel
12,4,,,,,Macoma balthica,1,0.1641,0.1641,Hel
12,4,,,,,Macoma balthica,1,0.3107,0.3107,Hel
13,4,,,,,Macoma balthica,1,0.3037,0.3037,Hel
14,4,Mollusca,Bivalvia,Cardiida,Tellinidae,Macoma balthica,1,0.012,0.012,Craig Robertson
14,4,Mollusca,Bivalvia,Cardiida,Tellinidae,Macoma balthica,1,0.0466,0.0466,Craig Robertson
14,4,Mollusca,Bivalvia,Cardiida,Tellinidae,Macoma balthica,1,0.0558,0.0558,Craig Robertson
14,4,Mollusca,Bivalvia,Cardiida,Tellinidae,Macoma balthica,1,0.0591,0.0591,Craig Robertson
14,4,Mollusca,Bivalvia,Cardiida,Tellinidae,Macoma balthica,1,0.2206,0.2206,Craig Robertson
14,4,Mollusca,Bivalvia,Cardiida,Tellinidae,Macoma balthica,1,0.3759,0.3759,Craig Robertson
15,4,,,,,Macoma balthica,1,0.0033,0.0033,Hel
15,4,,,,,Macoma balthica,1,0.0076,0.0076,Hel
15,4,,,,,Macoma balthica,1,0.1023,0.1023,Hel
15,4,,,,,Macoma balthica,1,0.191,0.191,Hel
15,4,,,,,Macoma balthica,1,0.2822,0.2822,Hel
15,4,,,,,Macoma balthica,1,0.3284,0.3284,Hel
15,4,,,,,Macoma balthica,1,0.4557,0.4557,Hel
15,4,,,,,Macoma balthica,1,0.4565,0.4565,Hel
1,5,,,,,Macoma balthica,1,0.1022,0.1022,Hel
1,5,,,,,Macoma balthica,1,0.1797,0.1797,Hel
1,5,,,,,Macoma balthica,1,0.2095,0.2095,Hel
3,5,,,,,Macoma balthica,1,0.0052,0.0052,Hel
3,5,,,,,Macoma balthica,1,0.0162,0.0162,Hel
3,5,,,,,Macoma balthica,1,0.0461,0.0461,Hel
3,5,,,,,Macoma balthica,1,0.1355,0.1355,Hel
3,5,,,,,Macoma balthica,1,0.1849,0.1849,Hel
3,5,,,,,Macoma balthica,1,0.1907,0.1907,Hel
3,5,,,,,Macoma balthica,1,0.1914,0.1914,Hel
3,5,,,,,Macoma balthica,1,0.3479,0.3479,Hel
3,5,,,,,Macoma balthica,1,0.3645,0.3645,Hel
12,5,Mollusca,Bivalvia,Cardiida,Tellinidae,Macoma balthica,1,0.0277,0.0277,Craig Robertson
12,5,Mollusca,Bivalvia,Cardiida,Tellinidae,Macoma balthica,1,0.1695,0.1695,Craig Robertson
13,5,Mollusca,Bivalvia,Cardiida,Tellinidae,Macoma balthica,1,0.0111,0.0111,Craig Robertson
13,5,Mollusca,Bivalvia,Cardiida,Tellinidae,Macoma balthica,1,0.0607,0.0607,Craig Robertson
13,5,Mollusca,Bivalvia,Cardiida,Tellinidae,Macoma balthica,1,0.2304,0.2304,Craig Robertson
13,5,Mollusca,Bivalvia,Cardiida,Tellinidae,Macoma balthica,1,0.2316,0.2316,Craig Robertson
13,5,Mollusca,Bivalvia,Cardiida,Tellinidae,Macoma balthica,1,0.2567,0.2567,Craig Robertson
14,5,,,,,Macoma balthica,1,0.0143,0.0143,Hel
14,5,,,,,Macoma balthica,1,0.2579,0.2579,Hel
15,5,Mollusca,Bivalvia,Cardiida,Tellinidae,Macoma balthica,1,0,0,Craig Robertson
15,5,Mollusca,Bivalvia,Cardiida,Tellinidae,Macoma balthica,1,0,0,Craig Robertson
15,5,Mollusca,Bivalvia,Cardiida,Tellinidae,Macoma balthica,1,0,0,Craig Robertson
15,5,Mollusca,Bivalvia,Cardiida,Tellinidae,Macoma balthica,1,0,0,Craig Robertson
15,5,Mollusca,Bivalvia,Cardiida,Tellinidae,Macoma balthica,1,0,0,Craig Robertson
15,5,Mollusca,Bivalvia,Cardiida,Tellinidae,Macoma balthica,1,0,0,Craig Robertson
15,5,Mollusca,Bivalvia,Cardiida,Tellinidae,Macoma balthica,1,0.0002,0.0002,Craig Robertson
15,5,Mollusca,Bivalvia,Cardiida,Tellinidae,Macoma balthica,1,0.0003,0.0003,Craig Robertson
15,5,Mollusca,Bivalvia,Cardiida,Tellinidae,Macoma balthica,1,0.0004,0.0004,Craig Robertson
15,5,Mollusca,Bivalvia,Cardiida,Tellinidae,Macoma balthica,1,0.0004,0.0004,Craig Robertson
15,5,Mollusca,Bivalvia,Cardiida,Tellinidae,Macoma balthica,1,0.0006,0.0006,Craig Robertson
15,5,Mollusca,Bivalvia,Cardiida,Tellinidae,Macoma balthica,1,0.0009,0.0009,Craig Robertson
15,5,Mollusca,Bivalvia,Cardiida,Tellinidae,Macoma balthica,1,0.0009,0.0009,Craig Robertson
15,5,Mollusca,Bivalvia,Cardiida,Tellinidae,Macoma balthica,1,0.0011,0.0011,Craig Robertson
15,5,Mollusca,Bivalvia,Cardiida,Tellinidae,Macoma balthica,1,0.0012,0.0012,Craig Robertson
15,5,Mollusca,Bivalvia,Cardiida,Tellinidae,Macoma balthica,1,0.0015,0.0015,Craig Robertson
15,5,Mollusca,Bivalvia,Cardiida,Tellinidae,Macoma balthica,1,0.0017,0.0017,Craig Robertson
15,5,Mollusca,Bivalvia,Cardiida,Tellinidae,Macoma balthica,1,0.0018,0.0018,Craig Robertson
15,5,Mollusca,Bivalvia,Cardiida,Tellinidae,Macoma balthica,1,0.0023,0.0023,Craig Robertson
15,5,Mollusca,Bivalvia,Cardiida,Tellinidae,Macoma balthica,1,0.004,0.004,Craig Robertson
15,5,Mollusca,Bivalvia,Cardiida,Tellinidae,Macoma balthica,1,0.0958,0.0958,Craig Robertson
15,5,Mollusca,Bivalvia,Cardiida,Tellinidae,Macoma balthica,1,0.1668,0.1668,Craig Robertson
15,5,Mollusca,Bivalvia,Cardiida,Tellinidae,Macoma balthica,1,0.1886,0.1886,Craig Robertson
15,5,Mollusca,Bivalvia,Cardiida,Tellinidae,Macoma balthica,1,0.2276,0.2276,Craig Robertson
15,5,Mollusca,Bivalvia,Cardiida,Tellinidae,Macoma balthica,1,0.2458,0.2458,Craig Robertson
15,5,Mollusca,Bivalvia,Cardiida,Tellinidae,Macoma balthica,1,0.2551,0.2551,Craig Robertson
15,5,Mollusca,Bivalvia,Cardiida,Tellinidae,Macoma balthica,1,0.3025,0.3025,Craig Robertson
15,5,Mollusca,Bivalvia,Cardiida,Tellinidae,Macoma balthica,1,0.3468,0.3468,Craig Robertson
15,5,Mollusca,Bivalvia,Cardiida,Tellinidae,Macoma balthica,1,0.412,0.412,Craig Robertson
15,5,Mollusca,Bivalvia,Cardiida,Tellinidae,Macoma balthica,1,0.4365,0.4365,Craig Robertson
15,5,Mollusca,Bivalvia,Cardiida,Tellinidae,Macoma balthica,1,0.5417,0.5417,Craig Robertson
15,5,Mollusca,Bivalvia,Cardiida,Tellinidae,Macoma balthica,1,0.5668,0.5668,Craig Robertson
19,5,,,,,Macoma balthica,1,0.2295,0.2295,Hel
19,5,,,,,Macoma balthica,1,0.3776,0.3776,Hel
19,5,,,,,Macoma balthica,1,0.4875,0.4875,Hel
4,4,NA,NA,NA,NA,Marenzellaria spp. ,1,0.0019,0.0019,Craig Robertson
12,1,,,,,Monoporeia affinis,1,0.0114,0.0114,Hel
2,3,,,,,Monoporeia affinis,1,0.0038,0.0038,Hel
2,3,,,,,Monoporeia affinis,1,0.0257,0.0257,Hel
1,7,,,,,Monoporeia affinis,1,0.017,0.017,Hel
15,1,,,,,Mytilus trossulus,1,0.0043,0.0043,Hel
16,1,Mollusca,Bivalvia,Mytilida,Mytilidae,Mytilus trossulus,1,0.0004,0.0004,Craig Robertson
16,1,Mollusca,Bivalvia,Mytilida,Mytilidae,Mytilus trossulus,1,0.0015,0.0015,Craig Robertson
16,1,Mollusca,Bivalvia,Mytilida,Mytilidae,Mytilus trossulus,1,0.0017,0.0017,Craig Robertson
16,1,Mollusca,Bivalvia,Mytilida,Mytilidae,Mytilus trossulus,1,0.0018,0.0018,Craig Robertson
16,1,Mollusca,Bivalvia,Mytilida,Mytilidae,Mytilus trossulus,1,0.0019,0.0019,Craig Robertson
16,1,Mollusca,Bivalvia,Mytilida,Mytilidae,Mytilus trossulus,1,0.002,0.002,Craig Robertson
16,1,Mollusca,Bivalvia,Mytilida,Mytilidae,Mytilus trossulus,1,0.0021,0.0021,Craig Robertson
16,1,Mollusca,Bivalvia,Mytilida,Mytilidae,Mytilus trossulus,1,0.0022,0.0022,Craig Robertson
16,1,Mollusca,Bivalvia,Mytilida,Mytilidae,Mytilus trossulus,1,0.0022,0.0022,Craig Robertson
16,1,Mollusca,Bivalvia,Mytilida,Mytilidae,Mytilus trossulus,1,0.0024,0.0024,Craig Robertson
16,1,Mollusca,Bivalvia,Mytilida,Mytilidae,Mytilus trossulus,1,0.0024,0.0024,Craig Robertson
16,1,Mollusca,Bivalvia,Mytilida,Mytilidae,Mytilus trossulus,1,0.0025,0.0025,Craig Robertson
16,1,Mollusca,Bivalvia,Mytilida,Mytilidae,Mytilus trossulus,1,0.0025,0.0025,Craig Robertson
16,1,Mollusca,Bivalvia,Mytilida,Mytilidae,Mytilus trossulus,1,0.0027,0.0027,Craig Robertson
16,1,Mollusca,Bivalvia,Mytilida,Mytilidae,Mytilus trossulus,1,0.0027,0.0027,Craig Robertson
16,1,Mollusca,Bivalvia,Mytilida,Mytilidae,Mytilus trossulus,1,0.0028,0.0028,Craig Robertson
16,1,Mollusca,Bivalvia,Mytilida,Mytilidae,Mytilus trossulus,1,0.0029,0.0029,Craig Robertson
16,1,Mollusca,Bivalvia,Mytilida,Mytilidae,Mytilus trossulus,1,0.0033,0.0033,Craig Robertson
16,1,Mollusca,Bivalvia,Mytilida,Mytilidae,Mytilus trossulus,1,0.0033,0.0033,Craig Robertson
16,1,Mollusca,Bivalvia,Mytilida,Mytilidae,Mytilus trossulus,1,0.0034,0.0034,Craig Robertson
16,1,Mollusca,Bivalvia,Mytilida,Mytilidae,Mytilus trossulus,1,0.0034,0.0034,Craig Robertson
16,1,Mollusca,Bivalvia,Mytilida,Mytilidae,Mytilus trossulus,1,0.0034,0.0034,Craig Robertson
16,1,Mollusca,Bivalvia,Mytilida,Mytilidae,Mytilus trossulus,1,0.0038,0.0038,Craig Robertson
16,1,Mollusca,Bivalvia,Mytilida,Mytilidae,Mytilus trossulus,1,0.004,0.004,Craig Robertson
16,1,Mollusca,Bivalvia,Mytilida,Mytilidae,Mytilus trossulus,1,0.004,0.004,Craig Robertson
16,1,Mollusca,Bivalvia,Mytilida,Mytilidae,Mytilus trossulus,1,0.0041,0.0041,Craig Robertson
16,1,Mollusca,Bivalvia,Mytilida,Mytilidae,Mytilus trossulus,1,0.0045,0.0045,Craig Robertson
16,1,Mollusca,Bivalvia,Mytilida,Mytilidae,Mytilus trossulus,1,0.0046,0.0046,Craig Robertson
16,1,Mollusca,Bivalvia,Mytilida,Mytilidae,Mytilus trossulus,1,0.0047,0.0047,Craig Robertson
16,1,Mollusca,Bivalvia,Mytilida,Mytilidae,Mytilus trossulus,1,0.0052,0.0052,Craig Robertson
16,1,Mollusca,Bivalvia,Mytilida,Mytilidae,Mytilus trossulus,1,0.0058,0.0058,Craig Robertson
16,1,Mollusca,Bivalvia,Mytilida,Mytilidae,Mytilus trossulus,1,0.0058,0.0058,Craig Robertson
16,1,Mollusca,Bivalvia,Mytilida,Mytilidae,Mytilus trossulus,1,0.006,0.006,Craig Robertson
16,1,Mollusca,Bivalvia,Mytilida,Mytilidae,Mytilus trossulus,1,0.0061,0.0061,Craig Robertson
16,1,Mollusca,Bivalvia,Mytilida,Mytilidae,Mytilus trossulus,1,0.0063,0.0063,Craig Robertson
16,1,Mollusca,Bivalvia,Mytilida,Mytilidae,Mytilus trossulus,1,0.0065,0.0065,Craig Robertson
16,1,Mollusca,Bivalvia,Mytilida,Mytilidae,Mytilus trossulus,1,0.0067,0.0067,Craig Robertson
16,1,Mollusca,Bivalvia,Mytilida,Mytilidae,Mytilus trossulus,1,0.0069,0.0069,Craig Robertson
16,1,Mollusca,Bivalvia,Mytilida,Mytilidae,Mytilus trossulus,1,0.0072,0.0072,Craig Robertson
16,1,Mollusca,Bivalvia,Mytilida,Mytilidae,Mytilus trossulus,1,0.0074,0.0074,Craig Robertson
16,1,Mollusca,Bivalvia,Mytilida,Mytilidae,Mytilus trossulus,1,0.0095,0.0095,Craig Robertson
16,1,Mollusca,Bivalvia,Mytilida,Mytilidae,Mytilus trossulus,1,0.0287,0.0287,Craig Robertson
16,1,Mollusca,Bivalvia,Mytilida,Mytilidae,Mytilus trossulus,1,0.1456,0.1456,Craig Robertson
16,1,Mollusca,Bivalvia,Mytilida,Mytilidae,Mytilus trossulus,1,0.2461,0.2461,Craig Robertson
16,1,Mollusca,Bivalvia,Mytilida,Mytilidae,Mytilus trossulus,1,0.2639,0.2639,Craig Robertson
16,1,Mollusca,Bivalvia,Mytilida,Mytilidae,Mytilus trossulus,1,0.3539,0.3539,Craig Robertson
16,1,Mollusca,Bivalvia,Mytilida,Mytilidae,Mytilus trossulus,1,0.3985,0.3985,Craig Robertson
16,1,Mollusca,Bivalvia,Mytilida,Mytilidae,Mytilus trossulus,1,0.6708,0.6708,Craig Robertson
17,1,,,,,Mytilus trossulus,1,0.0654,0.0654,Hel
1,2,Mollusca,Bivalvia,Mytilida,Mytilidae,Mytilus trossulus,1,0.0074,0.0074,Craig Robertson
12,2,Mollusca,Bivalvia,Mytilida,Mytilidae,Mytilus trossulus,1,0.0019,0.0019,Craig Robertson
12,2,Mollusca,Bivalvia,Mytilida,Mytilidae,Mytilus trossulus,1,0.0044,0.0044,Craig Robertson
16,2,,,,,Mytilus trossulus,1,0.0078,0.0078,Hel
17,2,Mollusca,Bivalvia,Mytilida,Mytilidae,Mytilus trossulus,1,0.0012,0.0012,Craig Robertson
17,2,Mollusca,Bivalvia,Mytilida,Mytilidae,Mytilus trossulus,1,0.0099,0.0099,Craig Robertson
17,2,Mollusca,Bivalvia,Mytilida,Mytilidae,Mytilus trossulus,1,0.031,0.031,Craig Robertson
2,3,,,,,Mytilus trossulus,1,0.0967,0.0967,Hel
11,3,Mollusca,Bivalvia,Mytilida,Mytilidae,Mytilus trossulus,1,0.0014,0.0014,Craig Robertson
12,3,Mollusca,Bivalvia,Mytilida,Mytilidae,Mytilus trossulus,1,0.0009,0.0009,Craig Robertson
18,3,,,,,Mytilus trossulus,2,0.0093,0.00465,Hel
18,3,,,,,Mytilus trossulus,1,0.0989,0.0989,Hel
2,4,,,,,Mytilus trossulus,1,0.0304,0.0304,Hel
2,4,,,,,Mytilus trossulus,1,0.0668,0.0668,Hel
3,4,,,,,Mytilus trossulus,1,0.0023,0.0023,Hel
3,4,,,,,Mytilus trossulus,1,0.0026,0.0026,Hel
3,4,,,,,Mytilus trossulus,1,0.003,0.003,Hel
3,4,,,,,Mytilus trossulus,1,0.0035,0.0035,Hel
3,4,,,,,Mytilus trossulus,1,0.007,0.007,Hel
3,4,,,,,Mytilus trossulus,1,0.008,0.008,Hel
3,4,,,,,Mytilus trossulus,1,0.0093,0.0093,Hel
3,4,,,,,Mytilus trossulus,1,0.0096,0.0096,Hel
3,4,,,,,Mytilus trossulus,1,0.0115,0.0115,Hel
3,4,,,,,Mytilus trossulus,1,0.0236,0.0236,Hel
3,4,,,,,Mytilus trossulus,1,0.0427,0.0427,Hel
3,4,,,,,Mytilus trossulus,1,0.2693,0.2693,Hel
3,4,,,,,Mytilus trossulus,1,0.2973,0.2973,Hel
13,4,,,,,Mytilus trossulus,1,0.2862,0.2862,Hel
13,4,,,,,Mytilus trossulus,1,0.4986,0.4986,Hel
13,4,,,,,Mytilus trossulus,1,0.5974,0.5974,Hel
14,4,Mollusca,Bivalvia,Mytilida,Mytilidae,Mytilus trossulus,1,0.054,0.054,Craig Robertson
1,5,,,,,Mytilus trossulus,1,0.0699,0.0699,Hel
2,5,,,,,Mytilus trossulus,1,0.0339,0.0339,Hel
2,5,,,,,Mytilus trossulus,1,0.2011,0.2011,Hel
3,5,,,,,Mytilus trossulus,1,0.001,0.001,Hel
3,5,,,,,Mytilus trossulus,1,0.8046,0.8046,Hel
11,5,Mollusca,Bivalvia,Mytilida,Mytilidae,Mytilus trossulus,1,0,0,Craig Robertson
11,5,Mollusca,Bivalvia,Mytilida,Mytilidae,Mytilus trossulus,1,0.0001,0.0001,Craig Robertson
11,5,Mollusca,Bivalvia,Mytilida,Mytilidae,Mytilus trossulus,1,0.0008,0.0008,Craig Robertson
11,5,Mollusca,Bivalvia,Mytilida,Mytilidae,Mytilus trossulus,1,0.0008,0.0008,Craig Robertson
11,5,Mollusca,Bivalvia,Mytilida,Mytilidae,Mytilus trossulus,1,0.001,0.001,Craig Robertson
11,5,Mollusca,Bivalvia,Mytilida,Mytilidae,Mytilus trossulus,1,0.001,0.001,Craig Robertson
11,5,Mollusca,Bivalvia,Mytilida,Mytilidae,Mytilus trossulus,1,0.0013,0.0013,Craig Robertson
11,5,Mollusca,Bivalvia,Mytilida,Mytilidae,Mytilus trossulus,1,0.0014,0.0014,Craig Robertson
11,5,Mollusca,Bivalvia,Mytilida,Mytilidae,Mytilus trossulus,1,0.0014,0.0014,Craig Robertson
11,5,Mollusca,Bivalvia,Mytilida,Mytilidae,Mytilus trossulus,1,0.0016,0.0016,Craig Robertson
11,5,Mollusca,Bivalvia,Mytilida,Mytilidae,Mytilus trossulus,1,0.0031,0.0031,Craig Robertson
11,5,Mollusca,Bivalvia,Mytilida,Mytilidae,Mytilus trossulus,1,0.004,0.004,Craig Robertson
11,5,Mollusca,Bivalvia,Mytilida,Mytilidae,Mytilus trossulus,1,0.0042,0.0042,Craig Robertson
11,5,Mollusca,Bivalvia,Mytilida,Mytilidae,Mytilus trossulus,1,0.0044,0.0044,Craig Robertson
11,5,Mollusca,Bivalvia,Mytilida,Mytilidae,Mytilus trossulus,1,0.005,0.005,Craig Robertson
11,5,Mollusca,Bivalvia,Mytilida,Mytilidae,Mytilus trossulus,1,0.0064,0.0064,Craig Robertson
18,5,,,,,Mytilus trossulus,1,0.259,0.259,Hel
19,5,,,,,Mytilus trossulus,1,0.0121,0.0121,Hel
1,7,,,,,Mytilus trossulus,1,1.4456,1.4456,Hel
12,2,Nematoda,NA,NA,NA,Nematoda,1,0,0,Craig Robertson
12,2,Nematoda,NA,NA,NA,Nematoda,1,0,0,Craig Robertson
19,2,Nematoda,NA,NA,NA,Nematoda,1,0,0,Craig Robertson
19,2,Nematoda,NA,NA,NA,Nematoda,1,0.0001,0.0001,Craig Robertson
19,3,Nematoda,NA,NA,NA,Nematoda,1,0,0,Craig Robertson
19,3,Nematoda,NA,NA,NA,Nematoda,1,0,0,Craig Robertson
19,3,Nematoda,NA,NA,NA,Nematoda,1,0,0,Craig Robertson
19,3,Nematoda,NA,NA,NA,Nematoda,1,0,0,Craig Robertson
17,5,Nematoda,NA,NA,NA,Nematoda,1,0,0,Craig Robertson
2,1,,,,,Nemertea spp.,1,0.0095,0.0095,Hel
3,1,,,,,Nemertea spp.,1,0.026,0.026,Hel
12,1,,,,,Nemertea spp.,1,0.0015,0.0015,Hel
19,1,,,,,Nemertea spp.,1,0.013,0.013,Hel
2,2,,,,,Nemertea spp.,1,0.0356,0.0356,Hel
12,2,Nemertea,NA,NA,NA,Nemertea spp.,1,0.0217,0.0217,Craig Robertson
14,2,,,,,Nemertea spp.,1,0.0225,0.0225,Hel
19,2,Nemertea,NA,NA,NA,Nemertea spp.,1,0.0016,0.0016,Craig Robertson
2,3,,,,,Nemertea spp.,1,0.008,0.008,Hel
14,3,,,,,Nemertea spp.,1,0.0029,0.0029,Hel
15,3,,,,,Nemertea spp.,1,0.0497,0.0497,Hel
3,4,,,,,Nemertea spp.,2,0.0137,0.00685,Hel
12,4,,,,,Nemertea spp.,3,0.0193,0.006433333,Hel
13,4,,,,,Nemertea spp.,1,0.0155,0.0155,Hel
15,4,,,,,Nemertea spp.,1,0.0036,0.0036,Hel
19,4,,,,,Nemertea spp.,1,0.0076,0.0076,Hel
1,5,,,,,Nemertea spp.,1,0.0311,0.0311,Hel
11,5,Nemertea,NA,NA,NA,Nemertea spp.,1,0.0207,0.0207,Craig Robertson
19,5,,,,,Nemertea spp.,1,0.01,0.01,Hel
1,7,,,,,Nemertea spp.,1,0.006,0.006,Hel
4,1,,,,,None,0,NA,,Hel
5,1,,,,,None,0,NA,,Hel
6,1,,,,,None,0,NA,,Hel
7,1,,,,,None,0,NA,,Hel
9,1,,,,,None,0,NA,,Hel
10,1,,,,,None,0,NA,,Hel
18,1,NA,NA,NA,NA,None,0,NA,,Craig Robertson
4,2,,,,,None,0,NA,,Hel
5,2,,,,,None,0,NA,,Hel
6,2,,,,,None,0,NA,,Hel
7,2,,,,,None,0,NA,,Hel
8,2,,,,,None,0,NA,,Hel
9,2,,,,,None,0,NA,,Hel
18,2,NA,NA,NA,NA,None,0,NA,,Craig Robertson
4,3,,,,,None,0,NA,,Hel
5,3,NA,NA,NA,NA,None,0,NA,,Craig Robertson
6,3,NA,NA,NA,NA,None,0,NA,,Craig Robertson
7,3,,,,,None,0,NA,,Hel
8,3,NA,NA,NA,NA,None,0,NA,,Craig Robertson
9,3,,,,,None,0,NA,,Hel
10,3,,,,,None,0,NA,,Hel
15,3,NA,NA,NA,NA,None,0,NA,,Craig Robertson
4,4,NA,NA,NA,NA,None,0,NA,,Craig Robertson
5,4,NA,NA,NA,NA,None,0,NA,,Craig Robertson
5,4,NA,NA,NA,NA,None,0,NA,,Craig Robertson
6,4,,,,,None,0,NA,,Hel
7,4,NA,NA,NA,NA,None,0,NA,,Craig Robertson
8,4,NA,NA,NA,NA,None,0,NA,,Craig Robertson
9,4,,,,,None,0,NA,,Hel
16,4,,,,,None,0,NA,,Hel
16,4,,,,,None,0,NA,,Hel
17,4,NA,NA,NA,NA,None,0,NA,,Craig Robertson
17,4,NA,NA,NA,NA,None,0,NA,,Craig Robertson
5,5,,,,,None,0,NA,,Hel
5,5,,,,,None,0,NA,,Hel
6,5,NA,NA,NA,NA,None,0,NA,,Craig Robertson
7,5,NA,NA,NA,NA,None,0,NA,,Craig Robertson
8,5,,,,,None,0,NA,,Hel
9,5,,,,,None,0,NA,,Hel
10,5,,,,,None,0,NA,,Hel
16,5,NA,NA,NA,NA,None,0,NA,,Craig Robertson
16,5,NA,NA,NA,NA,None,0,NA,,Craig Robertson
16,1,Arthropoda,Ostracoda,NA,NA,Ostracoda ,1,0,0,Craig Robertson
10,2,Arthropoda,Ostracoda,NA,NA,Ostracoda ,1,0,0,Craig Robertson
17,5,Sipuncula,Sipunculidea,Golfingiida,Phascolionidae,Phascolion strombus,1,0.0007,0.0007,Craig Robertson
17,5,Sipuncula,Sipunculidea,Golfingiida,Phascolionidae,Phascolion strombus,1,0.0091,0.0091,Craig Robertson
1,2,Annelida,Polychaeta,Phyllodocida,Polynoidae,Polynoidae spp.,1,0.0012,0.0012,Craig Robertson
1,2,Annelida,Polychaeta,Phyllodocida,Polynoidae,Polynoidae spp.,1,0.0044,0.0044,Craig Robertson
12,2,Annelida,Polychaeta,Phyllodocida,Polynoidae,Polynoidae spp.,1,0,0,Craig Robertson
12,2,Annelida,Polychaeta,Phyllodocida,Polynoidae,Polynoidae spp.,1,0.0003,0.0003,Craig Robertson
12,2,Annelida,Polychaeta,Phyllodocida,Polynoidae,Polynoidae spp.,1,0.0003,0.0003,Craig Robertson
12,2,Annelida,Polychaeta,Phyllodocida,Polynoidae,Polynoidae spp.,1,0.0004,0.0004,Craig Robertson
12,2,Annelida,Polychaeta,Phyllodocida,Polynoidae,Polynoidae spp.,1,0.0004,0.0004,Craig Robertson
12,2,Annelida,Polychaeta,Phyllodocida,Polynoidae,Polynoidae spp.,1,0.0008,0.0008,Craig Robertson
12,2,Annelida,Polychaeta,Phyllodocida,Polynoidae,Polynoidae spp.,1,0.001,0.001,Craig Robertson
12,2,Annelida,Polychaeta,Phyllodocida,Polynoidae,Polynoidae spp.,1,0.0011,0.0011,Craig Robertson
12,2,Annelida,Polychaeta,Phyllodocida,Polynoidae,Polynoidae spp.,1,0.0012,0.0012,Craig Robertson
12,2,Annelida,Polychaeta,Phyllodocida,Polynoidae,Polynoidae spp.,1,0.0013,0.0013,Craig Robertson
12,2,Annelida,Polychaeta,Phyllodocida,Polynoidae,Polynoidae spp.,1,0.0019,0.0019,Craig Robertson
12,2,Annelida,Polychaeta,Phyllodocida,Polynoidae,Polynoidae spp.,1,0.0022,0.0022,Craig Robertson
12,2,Annelida,Polychaeta,Phyllodocida,Polynoidae,Polynoidae spp.,1,0.0024,0.0024,Craig Robertson
12,2,Annelida,Polychaeta,Phyllodocida,Polynoidae,Polynoidae spp.,1,0.0067,0.0067,Craig Robertson
12,2,Annelida,Polychaeta,Phyllodocida,Polynoidae,Polynoidae spp.,1,0.0083,0.0083,Craig Robertson
12,2,Annelida,Polychaeta,Phyllodocida,Polynoidae,Polynoidae spp.,1,0.0102,0.0102,Craig Robertson
12,2,Annelida,Polychaeta,Phyllodocida,Polynoidae,Polynoidae spp.,1,0.0107,0.0107,Craig Robertson
17,2,Annelida,Polychaeta,Phyllodocida,Polynoidae,Polynoidae spp.,1,0.0022,0.0022,Craig Robertson
17,2,Annelida,Polychaeta,Phyllodocida,Polynoidae,Polynoidae spp.,1,0.0028,0.0028,Craig Robertson
17,2,Annelida,Polychaeta,Phyllodocida,Polynoidae,Polynoidae spp.,1,0.0041,0.0041,Craig Robertson
19,3,Annelida,Polychaeta,Phyllodocida,Polynoidae,Polynoidae spp.,1,0.0019,0.0019,Craig Robertson
19,3,Annelida,Polychaeta,Phyllodocida,Polynoidae,Polynoidae spp.,1,0.0034,0.0034,Craig Robertson
19,3,Annelida,Polychaeta,Phyllodocida,Polynoidae,Polynoidae spp.,1,0.0039,0.0039,Craig Robertson
19,3,Annelida,Polychaeta,Phyllodocida,Polynoidae,Polynoidae spp.,1,0.0055,0.0055,Craig Robertson
19,3,Annelida,Polychaeta,Phyllodocida,Polynoidae,Polynoidae spp.,1,0.0062,0.0062,Craig Robertson
19,3,Annelida,Polychaeta,Phyllodocida,Polynoidae,Polynoidae spp.,1,0.007,0.007,Craig Robertson
19,3,Annelida,Polychaeta,Phyllodocida,Polynoidae,Polynoidae spp.,1,0.0073,0.0073,Craig Robertson
19,3,Annelida,Polychaeta,Phyllodocida,Polynoidae,Polynoidae spp.,1,0.0102,0.0102,Craig Robertson
11,5,Annelida,Polychaeta,Phyllodocida,Polynoidae,Polynoidae spp.,1,0,0,Craig Robertson
11,5,Annelida,Polychaeta,Phyllodocida,Polynoidae,Polynoidae spp.,1,0,0,Craig Robertson
11,5,Annelida,Polychaeta,Phyllodocida,Polynoidae,Polynoidae spp.,1,0.0006,0.0006,Craig Robertson
11,5,Annelida,Polychaeta,Phyllodocida,Polynoidae,Polynoidae spp.,1,0.0009,0.0009,Craig Robertson
12,1,,,,,Pontoporeia femorata,1,0.0131,0.0131,Hel
2,2,,,,,Pontoporeia femorata,1,0.0171,0.0171,Hel
12,2,Arthropoda,Malacostraca,Amphipoda,Pontoporeiidae,Pontoporeia femorata,1,0.0037,0.0037,Craig Robertson
12,2,Arthropoda,Malacostraca,Amphipoda,Pontoporeiidae,Pontoporeia femorata,1,0.004,0.004,Craig Robertson
13,2,,,,,Pontoporeia femorata,1,0.0021,0.0021,Hel
13,2,,,,,Pontoporeia femorata,1,0.0042,0.0042,Hel
13,2,,,,,Pontoporeia femorata,1,0.0184,0.0184,Hel
18,2,Arthropoda,Malacostraca,Amphipoda,Pontoporeiidae,Pontoporeia femorata,1,0.0254,0.0254,Craig Robertson
12,3,Arthropoda,Malacostraca,Amphipoda,Pontoporeiidae,Pontoporeia femorata,1,0.0022,0.0022,Craig Robertson
13,3,Arthropoda,Malacostraca,Amphipoda,Pontoporeiidae,Pontoporeia femorata,1,0.0137,0.0137,Craig Robertson
12,4,,,,,Pontoporeia femorata,1,0.0187,0.0187,Hel
15,4,,,,,Pontoporeia femorata,1,0.0157,0.0157,Hel
1,5,,,,,Pontoporeia femorata,4,0.0382,0.00955,Hel
12,5,Arthropoda,Malacostraca,Amphipoda,Pontoporeiidae,Pontoporeia femorata,1,0.0006,0.0006,Craig Robertson
12,5,Arthropoda,Malacostraca,Amphipoda,Pontoporeiidae,Pontoporeia femorata,1,0.0012,0.0012,Craig Robertson
12,5,Arthropoda,Malacostraca,Amphipoda,Pontoporeiidae,Pontoporeia femorata,1,0.0013,0.0013,Craig Robertson
12,5,Arthropoda,Malacostraca,Amphipoda,Pontoporeiidae,Pontoporeia femorata,1,0.002,0.002,Craig Robertson
12,5,Arthropoda,Malacostraca,Amphipoda,Pontoporeiidae,Pontoporeia femorata,1,0.0026,0.0026,Craig Robertson
12,5,Arthropoda,Malacostraca,Amphipoda,Pontoporeiidae,Pontoporeia femorata,1,0.0029,0.0029,Craig Robertson
12,5,Arthropoda,Malacostraca,Amphipoda,Pontoporeiidae,Pontoporeia femorata,1,0.0078,0.0078,Craig Robertson
13,5,Arthropoda,Malacostraca,Amphipoda,Pontoporeiidae,Pontoporeia femorata,1,0.015,0.015,Craig Robertson
3,1,,,,,Pygospio elegans,1,0.0007,0.0007,Hel
13,1,,,,,Pygospio elegans,1,0.0017,0.0017,Hel
15,1,,,,,Pygospio elegans,1,0.0039,0.0039,Hel
12,2,Annelida,Polychaeta,Spionida,Spionidae,Pygospio elegans,1,0.0003,0.0003,Craig Robertson
18,2,Annelida,Polychaeta,Spionida,Spionidae,Pygospio elegans,1,0.0001,0.0001,Craig Robertson
18,2,Annelida,Polychaeta,Spionida,Spionidae,Pygospio elegans,1,0.0004,0.0004,Craig Robertson
18,2,Annelida,Polychaeta,Spionida,Spionidae,Pygospio elegans,1,0.0012,0.0012,Craig Robertson
18,2,Annelida,Polychaeta,Spionida,Spionidae,Pygospio elegans,1,0.0012,0.0012,Craig Robertson
18,2,Annelida,Polychaeta,Spionida,Spionidae,Pygospio elegans,1,0.0016,0.0016,Craig Robertson
18,2,Annelida,Polychaeta,Spionida,Spionidae,Pygospio elegans,1,0.0018,0.0018,Craig Robertson
18,2,Annelida,Polychaeta,Spionida,Spionidae,Pygospio elegans,1,0.0021,0.0021,Craig Robertson
2,3,,,,,Pygospio elegans,4,0.004,0.001,Hel
3,3,,,,,Pygospio elegans,2,0.0014,0.0007,Hel
3,3,,,,,Pygospio elegans,1,0.0028,0.0028,Hel
12,3,Annelida,Polychaeta,Spionida,Spionidae,Pygospio elegans,1,0,0,Craig Robertson
13,3,Annelida,Polychaeta,Spionida,Spionidae,Pygospio elegans,1,0,0,Craig Robertson
13,3,Annelida,Polychaeta,Spionida,Spionidae,Pygospio elegans,1,0.0001,0.0001,Craig Robertson
13,3,Annelida,Polychaeta,Spionida,Spionidae,Pygospio elegans,1,0.0001,0.0001,Craig Robertson
13,3,Annelida,Polychaeta,Spionida,Spionidae,Pygospio elegans,1,0.0001,0.0001,Craig Robertson
13,3,Annelida,Polychaeta,Spionida,Spionidae,Pygospio elegans,1,0.0001,0.0001,Craig Robertson
13,3,Annelida,Polychaeta,Spionida,Spionidae,Pygospio elegans,1,0.0002,0.0002,Craig Robertson
13,3,Annelida,Polychaeta,Spionida,Spionidae,Pygospio elegans,1,0.0005,0.0005,Craig Robertson
13,3,Annelida,Polychaeta,Spionida,Spionidae,Pygospio elegans,1,0.0007,0.0007,Craig Robertson
13,3,Annelida,Polychaeta,Spionida,Spionidae,Pygospio elegans,1,0.0007,0.0007,Craig Robertson
13,3,Annelida,Polychaeta,Spionida,Spionidae,Pygospio elegans,1,0.0008,0.0008,Craig Robertson
13,3,Annelida,Polychaeta,Spionida,Spionidae,Pygospio elegans,1,0.0009,0.0009,Craig Robertson
13,3,Annelida,Polychaeta,Spionida,Spionidae,Pygospio elegans,1,0.0016,0.0016,Craig Robertson
13,3,Annelida,Polychaeta,Spionida,Spionidae,Pygospio elegans,1,0.0021,0.0021,Craig Robertson
14,3,,,,,Pygospio elegans,4,0.0067,0.001675,Hel
15,3,,,,,Pygospio elegans,3,0.009,0.003,Hel
3,4,,,,,Pygospio elegans,2,0.0046,0.0023,Hel
12,4,,,,,Pygospio elegans,1,0.0009,0.0009,Hel
13,4,,,,,Pygospio elegans,3,0.0041,0.001366667,Hel
14,4,Annelida,Polychaeta,Spionida,Spionidae,Pygospio elegans,1,0.0007,0.0007,Craig Robertson
14,4,Annelida,Polychaeta,Spionida,Spionidae,Pygospio elegans,1,0.0012,0.0012,Craig Robertson
14,4,Annelida,Polychaeta,Spionida,Spionidae,Pygospio elegans,1,0.0014,0.0014,Craig Robertson
15,4,,,,,Pygospio elegans,1,0.0016,0.0016,Hel
15,4,,,,,Pygospio elegans,1,0.0033,0.0033,Hel
15,4,,,,,Pygospio elegans,1,0.007,0.007,Hel
15,4,,,,,Pygospio elegans,15,0.0361,0.002406667,Hel
2,5,,,,,Pygospio elegans,1,0.0003,0.0003,Hel
12,5,Annelida,Polychaeta,Spionida,Spionidae,Pygospio elegans,1,0.0005,0.0005,Craig Robertson
13,5,Annelida,Polychaeta,Spionida,Spionidae,Pygospio elegans,1,0,0,Craig Robertson
13,5,Annelida,Polychaeta,Spionida,Spionidae,Pygospio elegans,1,0.0001,0.0001,Craig Robertson
13,5,Annelida,Polychaeta,Spionida,Spionidae,Pygospio elegans,1,0.0002,0.0002,Craig Robertson
15,5,Annelida,Polychaeta,Spionida,Spionidae,Pygospio elegans,1,0.0006,0.0006,Craig Robertson
15,5,Annelida,Polychaeta,Spionida,Spionidae,Pygospio elegans,1,0.0008,0.0008,Craig Robertson
15,5,Annelida,Polychaeta,Spionida,Spionidae,Pygospio elegans,1,0.0017,0.0017,Craig Robertson
19,5,,,,,Pygospio elegans,2,0.0072,0.0036,Hel
2,1,,,,,Saduria entomon,1,0.085,0.085,Hel
12,1,,,,,Saduria entomon,1,0.0231,0.0231,Hel
12,1,,,,,Saduria entomon,1,0.0782,0.0782,Hel
13,1,,,,,Saduria entomon,1,0.037,0.037,Hel
13,1,,,,,Saduria entomon,1,0.0589,0.0589,Hel
13,1,,,,,Saduria entomon,1,0.1809,0.1809,Hel
14,1,Arthropoda,Malacostraca,Isopoda,Chaetiliidae,Saduria entomon,1,0.6154,0.6154,Craig Robertson
14,2,,,,,Saduria entomon,1,0.5331,0.5331,Hel
2,3,,,,,Saduria entomon,1,0.0066,0.0066,Hel
12,3,Arthropoda,Malacostraca,Isopoda,Chaetiliidae,Saduria entomon,1,0.0801,0.0801,Craig Robertson
13,3,Arthropoda,Malacostraca,Isopoda,Chaetiliidae,Saduria entomon,1,0.0034,0.0034,Craig Robertson
13,3,Arthropoda,Malacostraca,Isopoda,Chaetiliidae,Saduria entomon,1,0.0079,0.0079,Craig Robertson
13,3,Arthropoda,Malacostraca,Isopoda,Chaetiliidae,Saduria entomon,1,0.1692,0.1692,Craig Robertson
13,3,Arthropoda,Malacostraca,Isopoda,Chaetiliidae,Saduria entomon,1,0.2126,0.2126,Craig Robertson
13,3,Arthropoda,Malacostraca,Isopoda,Chaetiliidae,Saduria entomon,1,0.219,0.219,Craig Robertson
2,4,,,,,Saduria entomon,1,0.1419,0.1419,Hel
12,4,,,,,Saduria entomon,1,0.3721,0.3721,Hel
13,4,,,,,Saduria entomon,1,0.1475,0.1475,Hel
14,4,Arthropoda,Malacostraca,Isopoda,Chaetiliidae,Saduria entomon,1,0.2087,0.2087,Craig Robertson
1,5,,,,,Saduria entomon,1,0.0347,0.0347,Hel
12,5,Arthropoda,Malacostraca,Isopoda,Chaetiliidae,Saduria entomon,1,0.0538,0.0538,Craig Robertson
13,5,Arthropoda,Malacostraca,Isopoda,Chaetiliidae,Saduria entomon,1,0.1415,0.1415,Craig Robertson
13,5,Arthropoda,Malacostraca,Isopoda,Chaetiliidae,Saduria entomon,1,0.5531,0.5531,Craig Robertson
13,5,Arthropoda,Malacostraca,Isopoda,Chaetiliidae,Saduria entomon,1,2.2433,2.2433,Craig Robertson
1,6,Arthropoda,Malacostraca,Isopoda,Chaetiliidae,Saduria entomon,1,0.0589,0.0589,Craig Robertson
2,1,,,,,Scoloplos armiger,47,0.3208,0.006825532,Hel
3,1,,,,,Scoloplos armiger,4,0.0262,0.00655,Hel
12,1,,,,,Scoloplos armiger,3,0.0149,0.004966667,Hel
12,1,,,,,Scoloplos armiger,14,0.0621,0.004435714,Hel
13,1,,,,,Scoloplos armiger,2,0.0197,0.00985,Hel
13,1,,,,,Scoloplos armiger,12,0.0903,0.007525,Hel
15,1,,,,,Scoloplos armiger,2,0.0094,0.0047,Hel
15,1,,,,,Scoloplos armiger,1,0.0171,0.0171,Hel
16,1,Annelida,Polychaeta,NA,Orbiniidae,Scoloplos armiger,1,0.0023,0.0023,Craig Robertson
16,1,Annelida,Polychaeta,NA,Orbiniidae,Scoloplos armiger,1,0.004,0.004,Craig Robertson
16,1,Annelida,Polychaeta,NA,Orbiniidae,Scoloplos armiger,1,0.0042,0.0042,Craig Robertson
16,1,Annelida,Polychaeta,NA,Orbiniidae,Scoloplos armiger,1,0.0044,0.0044,Craig Robertson
16,1,Annelida,Polychaeta,NA,Orbiniidae,Scoloplos armiger,1,0.0058,0.0058,Craig Robertson
17,1,,,,,Scoloplos armiger,1,0.0082,0.0082,Hel
19,1,,,,,Scoloplos armiger,5,0.0304,0.00608,Hel
19,1,,,,,Scoloplos armiger,14,0.048,0.003428571,Hel
1,2,Annelida,Polychaeta,NA,Orbiniidae,Scoloplos armiger,1,0.0028,0.0028,Craig Robertson
1,2,Annelida,Polychaeta,NA,Orbiniidae,Scoloplos armiger,1,0.0029,0.0029,Craig Robertson
1,2,Annelida,Polychaeta,NA,Orbiniidae,Scoloplos armiger,1,0.003,0.003,Craig Robertson
1,2,Annelida,Polychaeta,NA,Orbiniidae,Scoloplos armiger,1,0.0054,0.0054,Craig Robertson
2,2,,,,,Scoloplos armiger,2,0.0069,0.00345,Hel
3,2,,,,,Scoloplos armiger,1,0.0025,0.0025,Hel
3,2,,,,,Scoloplos armiger,11,0.0539,0.0049,Hel
10,2,Annelida,Polychaeta,NA,Orbiniidae,Scoloplos armiger,1,0.0006,0.0006,Craig Robertson
10,2,Annelida,Polychaeta,NA,Orbiniidae,Scoloplos armiger,1,0.0013,0.0013,Craig Robertson
10,2,Annelida,Polychaeta,NA,Orbiniidae,Scoloplos armiger,1,0.0016,0.0016,Craig Robertson
11,2,,,,,Scoloplos armiger,7,0.0323,0.004614286,Hel
12,2,Annelida,Polychaeta,NA,Orbiniidae,Scoloplos armiger,1,0.0016,0.0016,Craig Robertson
12,2,Annelida,Polychaeta,NA,Orbiniidae,Scoloplos armiger,1,0.0044,0.0044,Craig Robertson
12,2,Annelida,Polychaeta,NA,Orbiniidae,Scoloplos armiger,1,0.0055,0.0055,Craig Robertson
12,2,Annelida,Polychaeta,NA,Orbiniidae,Scoloplos armiger,1,0.0056,0.0056,Craig Robertson
12,2,Annelida,Polychaeta,NA,Orbiniidae,Scoloplos armiger,1,0.0067,0.0067,Craig Robertson
12,2,Annelida,Polychaeta,NA,Orbiniidae,Scoloplos armiger,1,0.0075,0.0075,Craig Robertson
12,2,Annelida,Polychaeta,NA,Orbiniidae,Scoloplos armiger,1,0.0097,0.0097,Craig Robertson
12,2,Annelida,Polychaeta,NA,Orbiniidae,Scoloplos armiger,1,0.01,0.01,Craig Robertson
12,2,Annelida,Polychaeta,NA,Orbiniidae,Scoloplos armiger,1,0.0132,0.0132,Craig Robertson
12,2,Annelida,Polychaeta,NA,Orbiniidae,Scoloplos armiger,1,0.0141,0.0141,Craig Robertson
13,2,,,,,Scoloplos armiger,5,0.0305,0.0061,Hel
16,2,,,,,Scoloplos armiger,6,0.034,0.005666667,Hel
17,2,Annelida,Polychaeta,NA,Orbiniidae,Scoloplos armiger,1,0.0011,0.0011,Craig Robertson
17,2,Annelida,Polychaeta,NA,Orbiniidae,Scoloplos armiger,1,0.0016,0.0016,Craig Robertson
17,2,Annelida,Polychaeta,NA,Orbiniidae,Scoloplos armiger,1,0.0018,0.0018,Craig Robertson
17,2,Annelida,Polychaeta,NA,Orbiniidae,Scoloplos armiger,1,0.0021,0.0021,Craig Robertson
17,2,Annelida,Polychaeta,NA,Orbiniidae,Scoloplos armiger,1,0.0023,0.0023,Craig Robertson
17,2,Annelida,Polychaeta,NA,Orbiniidae,Scoloplos armiger,1,0.0031,0.0031,Craig Robertson
17,2,Annelida,Polychaeta,NA,Orbiniidae,Scoloplos armiger,1,0.0034,0.0034,Craig Robertson
17,2,Annelida,Polychaeta,NA,Orbiniidae,Scoloplos armiger,1,0.0038,0.0038,Craig Robertson
17,2,Annelida,Polychaeta,NA,Orbiniidae,Scoloplos armiger,1,0.0038,0.0038,Craig Robertson
17,2,Annelida,Polychaeta,NA,Orbiniidae,Scoloplos armiger,1,0.0041,0.0041,Craig Robertson
17,2,Annelida,Polychaeta,NA,Orbiniidae,Scoloplos armiger,1,0.0041,0.0041,Craig Robertson
17,2,Annelida,Polychaeta,NA,Orbiniidae,Scoloplos armiger,1,0.0048,0.0048,Craig Robertson
17,2,Annelida,Polychaeta,NA,Orbiniidae,Scoloplos armiger,1,0.0049,0.0049,Craig Robertson
17,2,Annelida,Polychaeta,NA,Orbiniidae,Scoloplos armiger,1,0.0049,0.0049,Craig Robertson
17,2,Annelida,Polychaeta,NA,Orbiniidae,Scoloplos armiger,1,0.0051,0.0051,Craig Robertson
17,2,Annelida,Polychaeta,NA,Orbiniidae,Scoloplos armiger,1,0.0058,0.0058,Craig Robertson
17,2,Annelida,Polychaeta,NA,Orbiniidae,Scoloplos armiger,1,0.0067,0.0067,Craig Robertson
17,2,Annelida,Polychaeta,NA,Orbiniidae,Scoloplos armiger,1,0.0072,0.0072,Craig Robertson
17,2,Annelida,Polychaeta,NA,Orbiniidae,Scoloplos armiger,1,0.0076,0.0076,Craig Robertson
17,2,Annelida,Polychaeta,NA,Orbiniidae,Scoloplos armiger,1,0.0096,0.0096,Craig Robertson
17,2,Annelida,Polychaeta,NA,Orbiniidae,Scoloplos armiger,1,0.0121,0.0121,Craig Robertson
17,2,Annelida,Polychaeta,NA,Orbiniidae,Scoloplos armiger,1,0.0124,0.0124,Craig Robertson
17,2,Annelida,Polychaeta,NA,Orbiniidae,Scoloplos armiger,1,0.0128,0.0128,Craig Robertson
18,2,Annelida,Polychaeta,NA,Orbiniidae,Scoloplos armiger,1,0.0053,0.0053,Craig Robertson
18,2,Annelida,Polychaeta,NA,Orbiniidae,Scoloplos armiger,1,0.0054,0.0054,Craig Robertson
18,2,Annelida,Polychaeta,NA,Orbiniidae,Scoloplos armiger,1,0.0074,0.0074,Craig Robertson
18,2,Annelida,Polychaeta,NA,Orbiniidae,Scoloplos armiger,1,0.008,0.008,Craig Robertson
18,2,Annelida,Polychaeta,NA,Orbiniidae,Scoloplos armiger,1,0.0088,0.0088,Craig Robertson
18,2,Annelida,Polychaeta,NA,Orbiniidae,Scoloplos armiger,1,0.0121,0.0121,Craig Robertson
18,2,Annelida,Polychaeta,NA,Orbiniidae,Scoloplos armiger,1,0.0127,0.0127,Craig Robertson
18,2,Annelida,Polychaeta,NA,Orbiniidae,Scoloplos armiger,1,0.0128,0.0128,Craig Robertson
18,2,Annelida,Polychaeta,NA,Orbiniidae,Scoloplos armiger,1,0.0155,0.0155,Craig Robertson
18,2,Annelida,Polychaeta,NA,Orbiniidae,Scoloplos armiger,1,0.0164,0.0164,Craig Robertson
19,2,Annelida,Polychaeta,NA,Orbiniidae,Scoloplos armiger,1,0.0017,0.0017,Craig Robertson
19,2,Annelida,Polychaeta,NA,Orbiniidae,Scoloplos armiger,1,0.0029,0.0029,Craig Robertson
19,2,Annelida,Polychaeta,NA,Orbiniidae,Scoloplos armiger,1,0.0031,0.0031,Craig Robertson
19,2,Annelida,Polychaeta,NA,Orbiniidae,Scoloplos armiger,1,0.0103,0.0103,Craig Robertson
2,3,,,,,Scoloplos armiger,1,0.0015,0.0015,Hel
2,3,,,,,Scoloplos armiger,43,0.1592,0.003702326,Hel
3,3,,,,,Scoloplos armiger,1,0.0269,0.0269,Hel
3,3,,,,,Scoloplos armiger,11,0.0841,0.007645455,Hel
11,3,Annelida,Polychaeta,NA,Orbiniidae,Scoloplos armiger,1,0.0016,0.0016,Craig Robertson
11,3,Annelida,Polychaeta,NA,Orbiniidae,Scoloplos armiger,1,0.0022,0.0022,Craig Robertson
11,3,Annelida,Polychaeta,NA,Orbiniidae,Scoloplos armiger,1,0.0037,0.0037,Craig Robertson
11,3,Annelida,Polychaeta,NA,Orbiniidae,Scoloplos armiger,1,0.0042,0.0042,Craig Robertson
11,3,Annelida,Polychaeta,NA,Orbiniidae,Scoloplos armiger,1,0.0058,0.0058,Craig Robertson
11,3,Annelida,Polychaeta,NA,Orbiniidae,Scoloplos armiger,1,0.0103,0.0103,Craig Robertson
12,3,Annelida,Polychaeta,NA,Orbiniidae,Scoloplos armiger,1,0,0,Craig Robertson
12,3,Annelida,Polychaeta,NA,Orbiniidae,Scoloplos armiger,1,0.0006,0.0006,Craig Robertson
12,3,Annelida,Polychaeta,NA,Orbiniidae,Scoloplos armiger,1,0.0015,0.0015,Craig Robertson
12,3,Annelida,Polychaeta,NA,Orbiniidae,Scoloplos armiger,1,0.0017,0.0017,Craig Robertson
12,3,Annelida,Polychaeta,NA,Orbiniidae,Scoloplos armiger,1,0.0018,0.0018,Craig Robertson
12,3,Annelida,Polychaeta,NA,Orbiniidae,Scoloplos armiger,1,0.0021,0.0021,Craig Robertson
12,3,Annelida,Polychaeta,NA,Orbiniidae,Scoloplos armiger,1,0.0031,0.0031,Craig Robertson
12,3,Annelida,Polychaeta,NA,Orbiniidae,Scoloplos armiger,1,0.004,0.004,Craig Robertson
12,3,Annelida,Polychaeta,NA,Orbiniidae,Scoloplos armiger,1,0.0055,0.0055,Craig Robertson
12,3,Annelida,Polychaeta,NA,Orbiniidae,Scoloplos armiger,1,0.006,0.006,Craig Robertson
12,3,Annelida,Polychaeta,NA,Orbiniidae,Scoloplos armiger,1,0.0069,0.0069,Craig Robertson
12,3,Annelida,Polychaeta,NA,Orbiniidae,Scoloplos armiger,1,0.0097,0.0097,Craig Robertson
13,3,Annelida,Polychaeta,NA,Orbiniidae,Scoloplos armiger,1,0.001,0.001,Craig Robertson
13,3,Annelida,Polychaeta,NA,Orbiniidae,Scoloplos armiger,1,0.0035,0.0035,Craig Robertson
13,3,Annelida,Polychaeta,NA,Orbiniidae,Scoloplos armiger,1,0.0041,0.0041,Craig Robertson
13,3,Annelida,Polychaeta,NA,Orbiniidae,Scoloplos armiger,1,0.0049,0.0049,Craig Robertson
13,3,Annelida,Polychaeta,NA,Orbiniidae,Scoloplos armiger,1,0.008,0.008,Craig Robertson
13,3,Annelida,Polychaeta,NA,Orbiniidae,Scoloplos armiger,1,0.0083,0.0083,Craig Robertson
13,3,Annelida,Polychaeta,NA,Orbiniidae,Scoloplos armiger,1,0.0087,0.0087,Craig Robertson
13,3,Annelida,Polychaeta,NA,Orbiniidae,Scoloplos armiger,1,0.0088,0.0088,Craig Robertson
13,3,Annelida,Polychaeta,NA,Orbiniidae,Scoloplos armiger,1,0.0094,0.0094,Craig Robertson
13,3,Annelida,Polychaeta,NA,Orbiniidae,Scoloplos armiger,1,0.0099,0.0099,Craig Robertson
13,3,Annelida,Polychaeta,NA,Orbiniidae,Scoloplos armiger,1,0.0137,0.0137,Craig Robertson
13,3,Annelida,Polychaeta,NA,Orbiniidae,Scoloplos armiger,1,0.0159,0.0159,Craig Robertson
13,3,Annelida,Polychaeta,NA,Orbiniidae,Scoloplos armiger,1,0.032,0.032,Craig Robertson
14,3,,,,,Scoloplos armiger,3,0.011,0.003666667,Hel
15,3,,,,,Scoloplos armiger,5,0.0474,0.00948,Hel
16,3,Annelida,Polychaeta,NA,Orbiniidae,Scoloplos armiger,1,0.0034,0.0034,Craig Robertson
16,3,Annelida,Polychaeta,NA,Orbiniidae,Scoloplos armiger,1,0.0066,0.0066,Craig Robertson
17,3,,,,,Scoloplos armiger,5,0.0554,0.01108,Hel
18,3,,,,,Scoloplos armiger,1,0.0203,0.0203,Hel
19,3,Annelida,Polychaeta,NA,Orbiniidae,Scoloplos armiger,1,0.0009,0.0009,Craig Robertson
19,3,Annelida,Polychaeta,NA,Orbiniidae,Scoloplos armiger,1,0.0019,0.0019,Craig Robertson
19,3,Annelida,Polychaeta,NA,Orbiniidae,Scoloplos armiger,1,0.0029,0.0029,Craig Robertson
19,3,Annelida,Polychaeta,NA,Orbiniidae,Scoloplos armiger,1,0.003,0.003,Craig Robertson
19,3,Annelida,Polychaeta,NA,Orbiniidae,Scoloplos armiger,1,0.0035,0.0035,Craig Robertson
19,3,Annelida,Polychaeta,NA,Orbiniidae,Scoloplos armiger,1,0.0038,0.0038,Craig Robertson
19,3,Annelida,Polychaeta,NA,Orbiniidae,Scoloplos armiger,1,0.0051,0.0051,Craig Robertson
19,3,Annelida,Polychaeta,NA,Orbiniidae,Scoloplos armiger,1,0.0058,0.0058,Craig Robertson
19,3,Annelida,Polychaeta,NA,Orbiniidae,Scoloplos armiger,1,0.0064,0.0064,Craig Robertson
19,3,Annelida,Polychaeta,NA,Orbiniidae,Scoloplos armiger,1,0.0071,0.0071,Craig Robertson
19,3,Annelida,Polychaeta,NA,Orbiniidae,Scoloplos armiger,1,0.0071,0.0071,Craig Robertson
19,3,Annelida,Polychaeta,NA,Orbiniidae,Scoloplos armiger,1,0.0072,0.0072,Craig Robertson
19,3,Annelida,Polychaeta,NA,Orbiniidae,Scoloplos armiger,1,0.0075,0.0075,Craig Robertson
19,3,Annelida,Polychaeta,NA,Orbiniidae,Scoloplos armiger,1,0.0089,0.0089,Craig Robertson
19,3,Annelida,Polychaeta,NA,Orbiniidae,Scoloplos armiger,1,0.0106,0.0106,Craig Robertson
19,3,Annelida,Polychaeta,NA,Orbiniidae,Scoloplos armiger,1,0.0107,0.0107,Craig Robertson
19,3,Annelida,Polychaeta,NA,Orbiniidae,Scoloplos armiger,1,0.0108,0.0108,Craig Robertson
19,3,Annelida,Polychaeta,NA,Orbiniidae,Scoloplos armiger,1,0.0111,0.0111,Craig Robertson
19,3,Annelida,Polychaeta,NA,Orbiniidae,Scoloplos armiger,1,0.0123,0.0123,Craig Robertson
2,4,,,,,Scoloplos armiger,2,0.0126,0.0063,Hel
2,4,,,,,Scoloplos armiger,13,0.0465,0.003576923,Hel
3,4,,,,,Scoloplos armiger,1,0.0151,0.0151,Hel
3,4,,,,,Scoloplos armiger,4,0.0333,0.008325,Hel
10,4,Annelida,Polychaeta,NA,Orbiniidae,Scoloplos armiger,1,0.0007,0.0007,Craig Robertson
10,4,Annelida,Polychaeta,NA,Orbiniidae,Scoloplos armiger,1,0.0011,0.0011,Craig Robertson
10,4,Annelida,Polychaeta,NA,Orbiniidae,Scoloplos armiger,1,0.0014,0.0014,Craig Robertson
10,4,Annelida,Polychaeta,NA,Orbiniidae,Scoloplos armiger,1,0.0024,0.0024,Craig Robertson
10,4,Annelida,Polychaeta,NA,Orbiniidae,Scoloplos armiger,1,0.0027,0.0027,Craig Robertson
10,4,Annelida,Polychaeta,NA,Orbiniidae,Scoloplos armiger,1,0.0037,0.0037,Craig Robertson
10,4,Annelida,Polychaeta,NA,Orbiniidae,Scoloplos armiger,1,0.0042,0.0042,Craig Robertson
10,4,Annelida,Polychaeta,NA,Orbiniidae,Scoloplos armiger,1,0.0061,0.0061,Craig Robertson
10,4,Annelida,Polychaeta,NA,Orbiniidae,Scoloplos armiger,1,0.0063,0.0063,Craig Robertson
10,4,Annelida,Polychaeta,NA,Orbiniidae,Scoloplos armiger,1,0.0088,0.0088,Craig Robertson
10,4,Annelida,Polychaeta,NA,Orbiniidae,Scoloplos armiger,1,0.0099,0.0099,Craig Robertson
11,4,,,,,Scoloplos armiger,3,0.0091,0.003033333,Hel
11,4,,,,,Scoloplos armiger,2,0.0096,0.0048,Hel
12,4,,,,,Scoloplos armiger,5,0.0569,0.01138,Hel
12,4,,,,,Scoloplos armiger,35,0.1612,0.004605714,Hel
13,4,,,,,Scoloplos armiger,3,0.013,0.004333333,Hel
13,4,,,,,Scoloplos armiger,6,0.0736,0.012266667,Hel
19,4,,,,,Scoloplos armiger,8,0.0298,0.003725,Hel
1,5,,,,,Scoloplos armiger,10,0.0617,0.00617,Hel
2,5,,,,,Scoloplos armiger,1,0.0036,0.0036,Hel
2,5,,,,,Scoloplos armiger,19,0.076,0.004,Hel
3,5,,,,,Scoloplos armiger,10,0.0704,0.00704,Hel
4,5,Annelida,Polychaeta,NA,Orbiniidae,Scoloplos armiger,1,0.0015,0.0015,Craig Robertson
11,5,Annelida,Polychaeta,NA,Orbiniidae,Scoloplos armiger,1,0.0043,0.0043,Craig Robertson
11,5,Annelida,Polychaeta,NA,Orbiniidae,Scoloplos armiger,1,0.0057,0.0057,Craig Robertson
11,5,Annelida,Polychaeta,NA,Orbiniidae,Scoloplos armiger,1,0.0067,0.0067,Craig Robertson
11,5,Annelida,Polychaeta,NA,Orbiniidae,Scoloplos armiger,1,0.0074,0.0074,Craig Robertson
11,5,Annelida,Polychaeta,NA,Orbiniidae,Scoloplos armiger,1,0.0084,0.0084,Craig Robertson
12,5,Annelida,Polychaeta,NA,Orbiniidae,Scoloplos armiger,1,0.0024,0.0024,Craig Robertson
12,5,Annelida,Polychaeta,NA,Orbiniidae,Scoloplos armiger,1,0.0024,0.0024,Craig Robertson
12,5,Annelida,Polychaeta,NA,Orbiniidae,Scoloplos armiger,1,0.0028,0.0028,Craig Robertson
12,5,Annelida,Polychaeta,NA,Orbiniidae,Scoloplos armiger,1,0.003,0.003,Craig Robertson
12,5,Annelida,Polychaeta,NA,Orbiniidae,Scoloplos armiger,1,0.0032,0.0032,Craig Robertson
12,5,Annelida,Polychaeta,NA,Orbiniidae,Scoloplos armiger,1,0.0035,0.0035,Craig Robertson
12,5,Annelida,Polychaeta,NA,Orbiniidae,Scoloplos armiger,1,0.0042,0.0042,Craig Robertson
12,5,Annelida,Polychaeta,NA,Orbiniidae,Scoloplos armiger,1,0.0048,0.0048,Craig Robertson
12,5,Annelida,Polychaeta,NA,Orbiniidae,Scoloplos armiger,1,0.0064,0.0064,Craig Robertson
12,5,Annelida,Polychaeta,NA,Orbiniidae,Scoloplos armiger,1,0.0065,0.0065,Craig Robertson
12,5,Annelida,Polychaeta,NA,Orbiniidae,Scoloplos armiger,1,0.009,0.009,Craig Robertson
12,5,Annelida,Polychaeta,NA,Orbiniidae,Scoloplos armiger,1,0.0102,0.0102,Craig Robertson
13,5,Annelida,Polychaeta,NA,Orbiniidae,Scoloplos armiger,1,0.0025,0.0025,Craig Robertson
13,5,Annelida,Polychaeta,NA,Orbiniidae,Scoloplos armiger,1,0.0027,0.0027,Craig Robertson
13,5,Annelida,Polychaeta,NA,Orbiniidae,Scoloplos armiger,1,0.0031,0.0031,Craig Robertson
13,5,Annelida,Polychaeta,NA,Orbiniidae,Scoloplos armiger,1,0.004,0.004,Craig Robertson
13,5,Annelida,Polychaeta,NA,Orbiniidae,Scoloplos armiger,1,0.004,0.004,Craig Robertson
13,5,Annelida,Polychaeta,NA,Orbiniidae,Scoloplos armiger,1,0.0052,0.0052,Craig Robertson
13,5,Annelida,Polychaeta,NA,Orbiniidae,Scoloplos armiger,1,0.0056,0.0056,Craig Robertson
15,5,Annelida,Polychaeta,NA,Orbiniidae,Scoloplos armiger,1,0.0084,0.0084,Craig Robertson
15,5,Annelida,Polychaeta,NA,Orbiniidae,Scoloplos armiger,1,0.0094,0.0094,Craig Robertson
15,5,Annelida,Polychaeta,NA,Orbiniidae,Scoloplos armiger,1,0.0334,0.0334,Craig Robertson
17,5,Annelida,Polychaeta,NA,Orbiniidae,Scoloplos armiger,1,0.0046,0.0046,Craig Robertson
17,5,Annelida,Polychaeta,NA,Orbiniidae,Scoloplos armiger,1,0.0053,0.0053,Craig Robertson
18,5,,,,,Scoloplos armiger,2,0.0049,0.00245,Hel
19,5,,,,,Scoloplos armiger,23,0.1095,0.00476087,Hel
1,6,Annelida,Polychaeta,NA,Orbiniidae,Scoloplos armiger,1,0.0011,0.0011,Craig Robertson
1,6,Annelida,Polychaeta,NA,Orbiniidae,Scoloplos armiger,1,0.0068,0.0068,Craig Robertson
1,6,Annelida,Polychaeta,NA,Orbiniidae,Scoloplos armiger,1,0.0098,0.0098,Craig Robertson
14,4,Annelida,Polychaeta,Spionida,Spionidae,Spiophanes kroyeri,1,0.0033,0.0033,Craig Robertson
19,3,Annelida,Polychaeta,Spionida,Spionidae,Spiophanes sp. ,1,0.0002,0.0002,Craig Robertson
2,1,,,,,Terebellides stroemi,1,0.0089,0.0089,Hel
2,1,,,,,Terebellides stroemi,1,0.0354,0.0354,Hel
14,1,Annelida,Polychaeta,Terebellida,Trichobranchidae,Terebellides stroemi,1,0.0005,0.0005,Craig Robertson
14,1,Annelida,Polychaeta,Terebellida,Trichobranchidae,Terebellides stroemi,1,0.015,0.015,Craig Robertson
14,1,Annelida,Polychaeta,Terebellida,Trichobranchidae,Terebellides stroemi,1,0.0241,0.0241,Craig Robertson
1,2,Annelida,Polychaeta,Terebellida,Trichobranchidae,Terebellides stroemi,1,0.0057,0.0057,Craig Robertson
1,2,Annelida,Polychaeta,Terebellida,Trichobranchidae,Terebellides stroemi,1,0.0065,0.0065,Craig Robertson
1,2,Annelida,Polychaeta,Terebellida,Trichobranchidae,Terebellides stroemi,1,0.0067,0.0067,Craig Robertson
1,2,Annelida,Polychaeta,Terebellida,Trichobranchidae,Terebellides stroemi,1,0.0101,0.0101,Craig Robertson
11,2,,,,,Terebellides stroemi,2,0.0168,0.0084,Hel
12,2,Annelida,Polychaeta,Terebellida,Trichobranchidae,Terebellides stroemi,1,0.0006,0.0006,Craig Robertson
12,2,Annelida,Polychaeta,Terebellida,Trichobranchidae,Terebellides stroemi,1,0.011,0.011,Craig Robertson
13,2,,,,,Terebellides stroemi,1,0.0224,0.0224,Hel
14,2,,,,,Terebellides stroemi,1,0.0189,0.0189,Hel
14,2,,,,,Terebellides stroemi,1,0.0252,0.0252,Hel
2,3,,,,,Terebellides stroemi,1,0.0081,0.0081,Hel
2,3,,,,,Terebellides stroemi,1,0.011,0.011,Hel
2,3,,,,,Terebellides stroemi,1,0.0393,0.0393,Hel
3,3,,,,,Terebellides stroemi,1,0.0269,0.0269,Hel
12,3,Annelida,Polychaeta,Terebellida,Trichobranchidae,Terebellides stroemi,1,0.0012,0.0012,Craig Robertson
12,3,Annelida,Polychaeta,Terebellida,Trichobranchidae,Terebellides stroemi,1,0.0021,0.0021,Craig Robertson
12,3,Annelida,Polychaeta,Terebellida,Trichobranchidae,Terebellides stroemi,1,0.0048,0.0048,Craig Robertson
12,3,Annelida,Polychaeta,Terebellida,Trichobranchidae,Terebellides stroemi,1,0.0167,0.0167,Craig Robertson
12,3,Annelida,Polychaeta,Terebellida,Trichobranchidae,Terebellides stroemi,1,0.0209,0.0209,Craig Robertson
14,3,,,,,Terebellides stroemi,1,0.0264,0.0264,Hel
14,3,,,,,Terebellides stroemi,1,0.0398,0.0398,Hel
14,3,,,,,Terebellides stroemi,1,0.0429,0.0429,Hel
15,3,,,,,Terebellides stroemi,1,0.0553,0.0553,Hel
11,4,,,,,Terebellides stroemi,1,0.0117,0.0117,Hel
12,4,,,,,Terebellides stroemi,1,0.0044,0.0044,Hel
12,4,,,,,Terebellides stroemi,1,0.0088,0.0088,Hel
13,4,,,,,Terebellides stroemi,1,0.0295,0.0295,Hel
14,4,Annelida,Polychaeta,Terebellida,Trichobranchidae,Terebellides stroemi,1,0.0008,0.0008,Craig Robertson
14,4,Annelida,Polychaeta,Terebellida,Trichobranchidae,Terebellides stroemi,1,0.0099,0.0099,Craig Robertson
14,4,Annelida,Polychaeta,Terebellida,Trichobranchidae,Terebellides stroemi,1,0.025,0.025,Craig Robertson
14,4,Annelida,Polychaeta,Terebellida,Trichobranchidae,Terebellides stroemi,1,0.0358,0.0358,Craig Robertson
15,4,,,,,Terebellides stroemi,1,0.0059,0.0059,Hel
2,5,,,,,Terebellides stroemi,2,0.021,0.0105,Hel
12,5,Annelida,Polychaeta,Terebellida,Trichobranchidae,Terebellides stroemi,1,0.0047,0.0047,Craig Robertson
13,5,Annelida,Polychaeta,Terebellida,Trichobranchidae,Terebellides stroemi,1,0.0146,0.0146,Craig Robertson
13,5,Annelida,Polychaeta,Terebellida,Trichobranchidae,Terebellides stroemi,1,0.023,0.023,Craig Robertson
1,7,,,,,Terebellides stroemi,1,0.0085,0.0085,Hel
2,3,,,,,Unidentified,1,0.002,0.002,Hel
19,5,,,,,Unidentified,1,0.0102,0.0102,Hel
